root	status	buckets	gloss
$Am	no_gloss	-	
$An	kept	-	matter, affair, concern, business; circumstances, state of affaire, case; nature, character, quality, kind
$Eb	kept	-	people, folk; nation; tribe
$El	no_gloss	-	
$Er	kept	-	know, have knowledge, be cognizant; to come to know, realize, notice; to perceive, feel, sense, be conscious, be aware
$HH	kept	-	stinginess, avarice, niggardliness; greed, covetousness; scarcity, paucity, sparsity
$Hm	kept	-	fat, suet, grease; axle grease, lubricant; tallow, sebum
$Hn	kept	-	loading, freighting; shipment, freightage; cargo, lading, load, freight
$TA	not_in_hanswehr	-	
$TT	kept	-	that which is excessive or exceeds the proper bounds, excess; inroad, encroachment, infringement
$Tn	kept	-	fasten, attach, tie, bind
$Tr	kept	-	halve, divide into two (equal) parts, bisect, cut through; to out off, sever
$bh	no_gloss	-	
$dd	kept	-	tug of war
$fE	kept	-	either part of a pair; even number
$fh	no_gloss	-	
$fq	kept	-	evening glow, twilight, dusk
$fw	no_gloss	-	
$fy	kept	-	cure, heal, make well, restore to health
$gf	kept	-	infatuate, enamor, fill with ardent passion
$gl	kept	-	occupy, busy; to preoccupy, keep busy, give trouble; to distract, divert, alienate.
$hb	kept	-	gray color, gray
$hd	kept	-	witness, be witness; to experience personally, see with one’s own eyes; to be present, attend
$hq	kept	-	bray (donkey)
$hr	kept	-	new moon; month
$hw	kept	-	desire, wish, covet, crave, long
$jr	kept	-	trees; shrubs, bushes
$kk	kept	-	on credit
$kl	kept	-	similarity, resemblance, likeness; outward appearance, figure, form, shape, build; form of perception, perceptual form
$kr	kept	-	thank, be thankful, grateful; to praise, laud, extol
$ks	kept	-	malicious, spiteful, querulous, quarrelsome, peevish, petulant, ill-tempered, morose, surly, sullen, sulky, grumpy, unfriendly
$kw	kept	-	complain, make a complaint; to raise or lodge a complaint; to suffer
$ml	kept	-	uniting, gathering, concentration; unity. union
$ms	kept	-	sun
$mt	kept	-	rejoice at the misfortune of s.o., gloat over s.o.’s mishaps, savor s.o.’s bad luck
$mx	kept	-	be high, tall, lofty, tower up, loom (mountain, building); to disdain, turn up one’s nose
$mz	not_in_hanswehr	-	
$nA	kept	-	hate
$qq	kept	-	split, cleave, part, tear, rend, rip; to break; to plow, till, break up
$qw	kept	-	make unhappy, miserable, wretched, distress
$r*m	no_gloss	-	
$rE	kept	-	go, enter; to begin, start, commence; to point a weapon at s.o.
$rH	kept	-	cut in slices, slice, cut up; to cut open, rip open; to bare, expose, make clearly visible or discernible, to expound
$rT	kept	-	incision (in the skin); long cut, rip, clash, slit; condition, precondition
$rb	kept	-	drink; to sip
$rd	kept	-	bolt (horse), to run away, flee, take to flight, take to one’s heels, break loose, escape; to roam, rove, wander, stray, go astray
$rk	kept	-	share, participate, be or become partner, participant, associate
$rq	kept	-	sunrise, east; the Orient, the East
$rr	kept	-	sparks
$ry	kept	-	sell, vend; to buy, purchase; to bring upon o.s., to ask for
$tt	kept	-	dispersed, separate(d), scattered, dissolved
$tw	kept	-	pass the winter, to winter; to hibernate
$wZ	not_in_hanswehr	-	
$wb	kept	-	mixture; tarnishing, sullying, roiling, rendering turbid; impairment, blemish, flaw
$wk	kept	-	thorns, spikes, pricks, prickles, spines; fishbone; forks
$wr	no_gloss	-	
$wy	kept	-	broiled, grilled, rosted
$xS	kept	-	rise, tower up; to become high, lofty; to rise, ascend (star)
$yA	not_in_hanswehr	-	
$yE	not_in_hanswehr	-	
$yb	kept	-	grayness of the hair, gray or white hair; old age
$yd	kept	-	plaster (of a wall); plaster of Paris; mortar
$yx	kept	-	an elderly, venerable gentleman; old man; elder
*Ab	no_gloss	-	
*Am	not_in_hanswehr	-	
*En	no_gloss	-	
*b*b	kept	-	set into a swinging motion, swing, dangle
*bH	kept	-	kill (by slitting the throat); to slaughter, butcher; to massacre
*bb	kept	-	drive away, chase away; to defend
*hb	kept	-	go; to betake o.s., travel; to go away, leave, depart
*hl	kept	-	forget, overlook, omit, neglect, fail to heed
*kr	kept	-	remember, bear in mind, think; to keep in mind; to recall, recollect
*kw	kept	-	blaze, flare up (fire); to exude a strong odor
*ll	kept	-	lowness, lowliness, insignificance; ignominy, disgrace, shame, degradation, humiliation; humility, humbleness, meekness, submissiveness
*mm	kept	-	censure, dispraise, derogation, disparagement
*nb	kept	-	offense, sin, crime, misdeed
*qn	kept	-	chin
*rA	not_in_hanswehr	-	
*rE	kept	-	power, ability, capability
*rr	kept	-	strewing, scattering, sprinkling; (coll.) tiny particles, atoms, specks, motes
*rw	kept	-	disperse, scatter; to carry off, blow away; to winnow, fan
*wd	kept	-	scatter, drive away, chase away; to remove; to defend, protect
*wq	kept	-	taste, sample; to try, try out, teat; to get a taste, experience, undergo, suffer, go through s.th.
*xr	kept	-	keep, preserve, store away, put away; to save, lay by
*yE	kept	-	spread, get about, circulate, be spread, be disseminated, be or become widespread; to leak out, become public, become generally known
A$r	kept	-	liveliness, high spirits, exuberance; wildness; insolence, impertinence
A*n	kept	-	then, therefore, in that case, hence, consequently
A*y	kept	-	suffer damage, be harmed
AHd	kept	-	sharper, keener; more vehement, more violent
ASl	kept	-	be or become firmly rooted; to be firmly established; to be of noble origin
ASr	kept	-	covenant, compact, contract; load, encumbrance, burden; sin
Abb	kept	-	reserved, standoffish; unwilling, reluctant, grudging
Abd	kept	-	stay, linger
Abl	kept	-	camel
Abq	kept	-	escape, run away (a slave from his master)
Abw	kept	-	father (also eccl.): ancestor, forefather
Aby	kept	-	refuse, decline; to turn down, reject, scorn, disdain: to deny
Add	kept	-	befall, afflict
Ady	no_gloss	-	
Aff	kept	-	displeasure; grumbling, grumble
Afk	kept	-	lie, tell a lie
Afl	kept	-	go down, set (stars)
Afq	kept	-	horizon; range of vision, field of vision; pl. distant lands, faraway countries, remote regions
Ahl	kept	-	relatives, folks, family; kin, kinfolk; wife
Ajj	kept	-	burn, blaze, flame (fire)
Ajl	kept	-	appointed time, date, deadline; instant of death; respite, delay
Ajr	kept	-	wages, pay, honorarium, recompense, emolument, remuneration; price, rate, fee
Akl	kept	-	eat; to eat up, consume, swallow, devour, destroy; to eat, gnaw, eat away, corrode, erode
Alf	kept	-	thousand; millennium
Alh	kept	-	god, deity, godhead
All	kept	-	pact, covenant; blood relationship, consanguinity
Alm	kept	-	pain, ache, suffering, agony
Alt	not_in_hanswehr	-	
Alw	kept	-	neglect or fail to do, not to do, desist, refrain
Amd	kept	-	end, terminus, extremity; period, stretch or span of time, time; distance
Aml	kept	-	hope, expectation
Amm	kept	-	or? (introducing the second member of an alternative question)
Amn	kept	-	be faithful, reliable, trustworthy
Amr	kept	-	order, command, bid, instruct, commission, charge, entrust
Amt	kept	-	crookedness, curvedness, curvation, curvature; weakness
Amw	not_in_hanswehr	-	
Anf	kept	-	preceding, above
Anm	not_in_hanswehr	-	
Ans	kept	-	sociability; intimacy, familiarity, friendly atmosphere
Anv	kept	-	be or become feminine, womanly, womanish, effeminate
Any	kept	-	mature, become ripe; to draw near, approach, come (esp. time)
ArD	kept	-	termite; woodworm
Arb	kept	-	wish, desire, need; purpose. aim, goal, end
Ark	not_in_hanswehr	-	
Asf	kept	-	regret, feel sorry, be sad
Asn	kept	-	older, farther advanced in years
Asr	kept	-	strap, thong; capture; captivity
Ass	kept	-	myrtle
Asw	kept	-	nurse, treat; to make peace
Aty	kept	-	arrive
Avl	kept	-	tamarisk (bot.)
Avm	kept	-	sin, offense, misdeed, crime
Avr	kept	-	transmit, pass along, report, relate
Avv	kept	-	abundant, luxuriant, profusely growing (hair, plants)
Awb	kept	-	return
Awd	kept	-	bend, flex, curve, crook; to burden, oppress, weigh down
Awh	kept	head	oh!
Awl	kept	-	first; foremost, most important, principal, chief, main; first part, beginning
Awy	kept	-	seek refuge, seek shelter; to go; to betake o.s., repair
Ax*	kept	-	take: to take along: to get, receive, obtain; to take up, seize; to grab, take hold of: to perceive, notice
Axr	kept	-	last, ultimate, utmost, extreme; end, close, conclusion; foot, bottom (of a paper)
Axw	no_gloss	-	
Ayd	no_gloss	-	
Aym	kept	-	widower, widow
Ayy	kept	-	sign, token, mark; miracle; wonder, marvel, prodigy
Azf	kept	-	come, approach, draw near (a time)
Azr	kept	-	surround
Azz	kept	-	simmer; to hum, buzz; to whiz, hiss
DAn	kept	-	mutton (meat)
DEf	kept	-	be or become weak, weakly, feeble, frail, delicate, debilitated, impotent, languid, flabby, or slack
DHk	kept	-	laugh; to jeer, scoff, jibe, deride, ridicule, mock, scorn
DHw	not_in_hanswehr	-	
DbH	kept	-	blacken; to snort (horse)
Ddd	kept	-	an opposite, a contrary, contrast; word with two opposite meanings; adversary, opponent
DfdE	kept	-	frog
Dgn	kept	-	rancor, spite, grudge, malice, malevolence, ill will, (secret) hatred
Dgv	kept	-	bunch, bouquet; mixture, muddle, jumble, maze
DhA	not_in_hanswehr	-	
DjE	kept	-	late riser, slugabed, sluggard, lazybones; lazy, sluggish, inert
Dll	kept	-	lose one’s way, go astray; to stray; to err
Dmm	kept	-	bring together, join, draw together, contract; to add (up), sum up; to gather, collect, reap, harvest
Dmr	kept	-	emaciation; leanness, skinniness, thinness, slenderness, slimness
Dnk	kept	-	be straitened, cramped, confined (circumstances); to be weak, be exhausted
Dnn	kept	-	in order to spare s.th., in due consideration of
DrE	kept	-	be humble, submissive, humiliate o.s., abase o.s.; to implore, beg, beseech, entreat
Drb	kept	-	boat, strike, hit; to shoot, fire, shell, bombard; to play
Drr	kept	-	harm, damage, detriment; loss, disadvantage
DwA	not_in_hanswehr	-	
DyE	kept	-	get lost, be lost, to lose itself, disappear; to perish
Dyf	kept	-	guest; visitor
Dyq	kept	-	narrowness; tightness, closeness; confinement, restriction, limitation, constraint
Dyr	kept	-	harm, damage, injury, prejudice; wrong, iniquity, offense
Dyz	not_in_hanswehr	-	
E$r	kept	-	one tenth, tenth part; tithe
E$w	kept	-	be dim-sighted; to be night-blind
E*b	kept	-	sweet; pleasant, agreeable
E*r	kept	-	excuse, absolve from guilt, forgive
EDD	kept	-	grab with the teeth, bite; to bite into s.th.; to hold on, cling, cleave
EDd	kept	-	help, aid, assistance, support, backing; helper, aide, assistant, supporter, backer
EDl	kept	-	be or become muscular
EDw	kept	-	member, limb, organ (of the body); member (of an organization)
ESb	kept	-	nerve; sinew
ESf	kept	-	storming, blowing; stalk and leaves of grain
ESm	kept	-	hold back, restrain, curb, check, prevent, hinder; to preserve, guard, safeguard, protect, defend; to immunize, render immune
ESr	kept	-	press (out), squeeze (out); to wring; to compress
ESw	kept	-	staff, rod; wand; stick
ESy	kept	-	disobey, resist, oppose, defy, refuse, or renounce, one’s obedience, rebel, revolt
ETf	kept	-	bond(ing), inclination, curving, curvature; corner; sympathy, affection, attachment, liking
ETl	kept	-	he destitute, he devoid, lack; to be idle, not to work, rest; to he without work, he unemployed
ETw	no_gloss	-	
EZm	kept	-	bone
EbA	kept	-	with negation
Ebd	kept	-	serve, worship, adore, venerate, idolize, deify
Ebqr	kept	-	legendary place inhabited by jinn; fairyland, wonderland
Ebr	kept	-	cross, traverse; to ford, wade; to swim
Ebs	kept	-	frown, knit one’s brows; to glower, lower, scowl, look sternly
Ebv	kept	-	fool around, indulge in horseplay, commit a folly; to play, joke, jest; to toy, play a frivolous game, mock
Edd	kept	-	number, numeral; figure, digit, cipher; quantity
Edl	kept	-	act justly, equitably, with fairness
Eds	kept	-	lentil(s)
Edw	kept	-	run, speed, gallop, dash, race; to pass, go past s.o. or s.th.; to give up, abandon, leave
Eff	kept	-	refrain, abstain; to be abstinent, continent, virtuous, chaste, modest, decent, pure
Efr	kept	-	dust
Efw	kept	-	be or become effaced, obliterated, wiped out, eliminated
Ehd	kept	-	know, be acquainted, familiar; to observe closely, heed, adhere; to attend, look after s.th.
Ehn	kept	-	wool
Ejb	kept	-	wonder, marvel, be astonished, be amazed
Ejf	not_in_hanswehr	-	
Ejl	kept	-	hurry, hasten, speed, rush, be in a hurry; to rush, hasten, hurry, come quickly
Ejm	kept	-	barbarians, non-Arabs; Persians
Ejz	kept	-	weakness, incapacity, disability, failure, impotence; deficit
Ekf	kept	-	adhere, cling, stick, keep; to give o.s. over, apply o.s., devote o.s., be addicted, indulge, be obsessed, be bent, be intent
Elm	kept	-	know, have knowledge, be cognizant, be aware, be informed, be familiar, be acquainted; to perceive, discern, find out, learn, come to know
Eln	kept	-	be or become known, manifest, evident
Elq	kept	-	precious thing, object of value
Elw	kept	-	be high, elevated, rise high, loom, tower up; to rise, ascend; to ring out (voice)
Emd	kept	-	intention, intent, design, purpose; premeditation, willfulness (jur.)
Emh	kept	-	wander about, stray, rove; to stray
Eml	kept	-	do, act, operate, be active, work; to make, produce, manufacture, fabricate, perform, carry out, execute; to act
Emm	kept	-	father’s brother, paternal uncle
Emq	kept	-	depth, profoundness, profundity; bottom
Emr	kept	-	live long, be longevous
Emy	kept	-	be or become blind, lose one’s eyesight; to be blind; to be obscure
Enb	kept	-	grape(s)
End	kept	-	swerve, deviate, diverge, depart; to resist stubbornly; to be headstrong, obstinate, stubborn
Enkb	not_in_hanswehr	-	
Enq	kept	-	neck, nape
Ent	kept	-	fall on evil days, come to grief, meet with hardship, be in distress, suffer adversity; to commit a sin, specif., commit fornication
Enw	kept	-	be humble, submissive, subservient, servile, be obedient, yield, submit, obey
Eqb	kept	-	heal; last part of s.th., end; that which follows subsequently or ensues, subsequence (with foll. genit.)
Eqd	kept	-	knit, knot, tie to fasten with a knot; to put together, join, fold, lock; to contract
Eql	kept	-	hobble with the ‘iqāl; to intern, confine, detain, arrest, put under arrest; to throw in wrestling
Eqm	kept	-	barrenness, sterility
Eqr	kept	-	wound
Er$	kept	-	throne; tribe (magr.)
ErD	kept	-	be or become wide, broad, to widen, broaden
Erb	kept	-	Arabs; true Arabs, Arabs of the desert, Bedouins
Erf	kept	-	know; to recognize, perceive; to be cognizant, be aware, be acquainted, to discover, experience, find out
Erj	kept	-	ascend, mount, rise
Erjn	not_in_hanswehr	-	
Erm	kept	-	vicious; strong, violent, vehement, powerful, terrific; dam, dike
Err	kept	-	scabies, mange
Erw	no_gloss	-	
Ery	kept	-	be naked, nude; to be free, be bare
EsEs	kept	-	darken, grow dark
Esl	kept	-	honey
Esr	kept	-	difficulty, trying or distressful situation, predicament, plight, fix, pinch, press, straits, straightened circumstances, distress, poverty
Esy	kept	frag	and subjunctive: it might be, it could be that ..., possibly ..., maybe ..., perhaps ...
Etb	kept	-	blame, censure, reprove, scold
Etd	kept	-	be ready, be prepared
Etl	kept	-	carry
Etq	kept	-	age, vintage (esp. of wine); liberty (as opposed to slavery); emancipation, freeing, manumission (of a slave)
Etw	kept	-	be insolent, refractory, recalcitrant, unruly; to be violent, fierce, strong, wild, furious, raging (e.g., storms)
Evr	kept	-	stumble, trip
Evw	kept	-	act wickedly, do harm, cause mischief
Ew*	kept	-	seek the protection, take refuge
Ewd	kept	-	return, come back; to flow back; to go back. be traceable, be attributable
Ewj	kept	-	crookedness, twistedness, curvature, bend(ing), tortuosity; unevenness; deviation (from that which is right)
Ewl	not_in_hanswehr	-	
Ewm	not_in_hanswehr	-	
Ewn	not_in_hanswehr	-	
Ewq	not_in_hanswehr	-	
Ewr	kept	-	lose an eye, be or become one-eyed
Ey$	not_in_hanswehr	-	
Eyb	not_in_hanswehr	-	
Eyl	not_in_hanswehr	-	
Eyn	not_in_hanswehr	-	
Eyr	kept	-	false, artificial (teeth, hair)
Eyy	not_in_hanswehr	-	
Ezb	kept	-	be far, be distant; to slip, escape
Ezl	kept	-	remove, set aside, isolate, separate, segregate, detach, cut off; to depose, release, dismiss, discharge
Ezm	kept	-	decide, resolve; to make up one’s mind, determine, be determined, be resolved, be bent; to adjure
Ezr	kept	-	censure, rebuke, reprove, reprimand; to refuse to have anything to do with s.o.
Ezw	kept	-	tracing back, ascription, attribution; imputation, accusation
Ezz	kept	-	might, power, standing, weight; strength, force; honor. glory, high rank, fame, celebrity, renown
H$r	kept	-	gather, assemble, rally; to cram, crowd, pack, jam (together); to squeeze. press, force, stuff, tuck
H*r	kept	-	be cautious, wary, to beware, be on one’s guard
HDD	no_gloss	-	
HDr	kept	-	be present, be in the presence; to attend; to be present, be readily recalled
HSHS	kept	-	be or become clear, plain, manifest; to come to light (truth)
HSb	kept	-	road metal, crushed rock, ballast
HSd	kept	-	harvesting, reaping, harvest
HSl	kept	-	set in; to be there, be existent, extant; to arise, come about
HSn	kept	-	be inaccessible, be well fortified; to be chaste (woman)
HSr	kept	-	surround, encircle, encompass, ring; to enclose; to parenthesize
HSy	no_gloss	-	
HTT	kept	-	putting or setting down; depreciation, belittling, derogation, disparagement; reduction, diminution, decrease
HTb	kept	-	firewood
HTm	kept	-	break, shatter, smash, wreck, demolish
HZZ	kept	-	part, portion, share, allotment; lot, fate, destiny; good luck, good fortune
HZr	kept	-	forbiddance, interdiction, prohibition, ban; embargo
HbT	kept	-	come to nothing, fail, miscarry, go wrong; to be futile, be of no avail, be lost
Hbb	kept	-	blister
Hbk	kept	-	the orbits of the celestial bodies
Hbl	kept	-	rope, cable, hawser; cord, string, thread; beam, ray (e.g., of the sun, of light), jet (e.g., of water)
Hbr	kept	-	gladden, make happy, delight
Hbs	kept	-	obstruct, shut off, confine, block, bar, hold back, check; to withhold; to hold in custody, detain to apprehend, arrest, jail, imprison
Hdb	kept	-	affection, fondness, love; kindliness; solicitude, care
Hdd	kept	-	forbidden
Hdq	kept	-	surround, encircle, encompass; to look, glance
Hdv	kept	-	a new, unprecedented thing, a novelty, innovation; event, incident, occurrence, happening; phenomenon
HfZ	kept	-	preserve; to protect, guard, defend: to observe, bear in mind, comply, be mindful, be heedful; to keep up, maintain, sustain, retain, uphold
Hfd	not_in_hanswehr	-	
Hff	kept	-	surround, enclose, encompass, border; to depilate, unhair; to trim, clip
Hfr	kept	-	digging, earthwork, excavation (also archeol.); unearthing; drilling (for oil): carving, inscribing (e.g., of letters)
Hfw	kept	-	receive kindly and hospitably, to welcome, receive with honors, honor
Hjb	kept	-	seclusion; screening off; keeping away, keeping off
Hjj	kept	-	overcome, defeat, confute; to convince
Hjr	kept	-	restriction, curb(ing), check(ing), obstruction, impeding, limitation, curtailing; barring, closing, debarment, preclusion; detention
Hjz	kept	-	curbing, prevention, restraint; seclusion, confinement, containment, isolation, insulation, separation
Hkm	kept	-	pass judgment, express an opinion, judge; to decide, give a decision, pass a verdict, pass sentence; to sentence, impose, inflict on s.o.
Hlf	kept	-	swear
Hll	kept	-	untie, unbind, unfasten, unravel, undo; to solve; to decipher, decode: to dissolve in water
Hlm	kept	-	dream; pl. irreality, utopia
Hlq	kept	-	shave; to shave off
Hly	kept	-	piece of jewelry, trinket
HmA	kept	-	clean out, dredge
Hmd	kept	-	commendation, praise, laudation
Hml	kept	-	carry, bear; to lift, pick up, load up and take along: to hold; to carry on or with one. take or bring along
Hmm	kept	-	charcoal; anything charred or carbonized; ashes, cinder
Hmr	kept	-	asphalt
Hmy	kept	-	fever, fever heat
Hn*	not_in_hanswehr	-	
Hnf	kept	-	turn or bend sideways
Hnjr	not_in_hanswehr	-	
Hnk	no_gloss	-	
Hnn	kept	-	long, yearn, hanker, crave
Hnv	kept	-	break one’s oath
Hqb	kept	-	put into one‘s bag, to bag
Hqf	not_in_hanswehr	-	
Hqq	kept	-	truth; correctness, rightness; rightful possession. property
HrD	no_gloss	-	
HrS	kept	-	desire, want, covet; to be intent, be bent; to strive, aspire
Hrb	kept	-	be furious, enraged, angry
Hrd	kept	-	be annoyed, disgruntled, angry, furious
Hrf	no_gloss	-	
Hrj	kept	-	closeness, tightness, narrowness; confinement, straitness. constriction, crampedness; restriction, impediment
Hrk	no_gloss	-	
Hrm	kept	-	be forbidden, prohibited, interdicted, unlawful, unpermitted
Hrq	kept	-	burn; to burn, hurt, sting, smart
Hrr	kept	-	heat, warmth
Hrs	kept	-	watch; guard, escort; bodyguard
Hrv	kept	-	plowing, tilling, tillage, cultivation of the soil; arable land, tilth; plantation, culture
Hry	no_gloss	-	
Hsb	kept	-	compute, reckon, calculate; to count; to charge, debit
Hsd	kept	-	envy, grudge, be envious
Hsm	kept	-	finishing, completion, termination; decision; settling, settlement (of an argument)
Hsn	kept	-	beauty, handsomeness, prettiness, loveliness; excellence, superiority, perfection
Hsr	kept	-	fatigue, debility, weakness
Hss	kept	-	curry, currycomb; to feel, sense
Htm	kept	-	imposition, injunction; final decision, resolution, determination
Hvv	kept	-	urge, incite, prompt, goad, spur on, egg on, prod, provoke, impel
Hw$	kept	-	enclosure, enclosed area; courtyard
Hw*	kept	-	urge on, spur on
HwT	kept	-	guard, protect, watch, have the custody; to attend, take care, look after s.th.; to surround, encircle, enclose, encompass
Hwb	no_gloss	-	
Hwj	kept	-	need, want, lack, deficiency, destitution
Hwl	kept	-	change, undergo a change, be transformed; to shift, turn, pass, grow, become; to deviate, depart, dodge, evade, fail to meet
Hwr	kept	-	return; to recede, decrease, diminish, be reduced
Hwt	kept	-	fish; whale; Pisces, Fishes (astron.)
Hwy	kept	-	gather, collect, unite; to encompass, embrace, contain, hold, enclose, comprise, include; to possess, own, have
Hwz	kept	-	possession, holding, tenure; obtainment, attainment, acquisition; taking possession, occupation, occupancy
HyD	no_gloss	-	
HyS	kept	-	flight, escape
Hyd	kept	-	deviate, swerve, depart, desist (If from); to leave, quit, give up, abandon, relinquish
Hyf	kept	-	deal unjustly, wrong, injure, harm; to restrict, limit, curtail, impair, encroach
Hyn	kept	-	death, destruction
Hyq	kept	-	surround, beset from all sides; to fall, descend, come, befall, overtake, grip, seize, overcome, happen, occur; to penetrate, pierce
Hyr	kept	-	fenced-in garden, enclosure
Hyv	kept	-	where (place and direction); wherever; since, as, due to the fact that
Hyy	kept	-	bashful, shy, diffident, modest
Hzb	kept	-	group, troop, band, gang; party (pol.); the 60th part of the Koran
Hzn	kept	-	make sad, sadden, grieve
SEd	kept	-	rise, go up; to lift, climb, ascend, slope upward; to mount, scale, ascend, climb, climb up
SEq	kept	-	thunder, peal of thunder
SEr	kept	-	be awry (face; with pride)
SHb	kept	-	be or become a companion, an associate, a comrade, a friend, make or become friends, be friends; to associate, have social intercourse
SHf	no_gloss	-	
SbA	kept	-	east wind
SbE	kept	-	point with the finger; to insert one’s finger
SbH	kept	-	offer a morning draught
Sbb	kept	-	pour, pour forth, cast, empty, fill; to impose
Sbg	kept	-	color, dye, dyestuff; pigment; (coat of) paint, varnish
Sbr	kept	-	bind, tie, fetter, shackle; to be patient, be forbearing, have patience, take patience, persevere; to bear calmly, patiently, stoutly, endure
Sbw	kept	-	be a child, be childish
SdE	kept	-	split, cleave, part, sunder; to crack, break, cause to crack; to break, conquer, overcome, surmount
Sdd	kept	-	nearness, proximity; intention, purpose, design, aim; respect, regard, relation, concern, subject, matter
Sdf	kept	-	turn away, avoid, shun
Sdq	kept	-	speak the truth, be sincere; to tell the truth; to prove to be true, turn out to be correct, come true
Sdr	kept	-	chest, breast, bust; bosom, heart; front part, front
Sdy	kept	-	become or be rusty, rust, oxidize
SfH	kept	-	broaden, widen, flatten, beat into a leaf, foliate, plate; to pardon, forgive
SfSf	kept	-	a variety of willow (Salix Safsaf F.; bot.)
Sfd	kept	-	bond, tie, fetter
Sff	kept	-	aligning or arranging in a line or row
Sfn	kept	-	scrotum
Sfr	kept	-	brass; money
Sfw	kept	-	be or become clear, unpolluted, limpid, cloudless, untroubled, serene, undisturbed, pure
Sgr	kept	-	smallness, littleness, scantiness, paltriness, paucity, insignificance; youthfulness, juvenility
Sgw	kept	-	incline, bend, lean
Shr	kept	-	melt, fuse, smelt
Skk	kept	-	beat, strike; to shut, lock
SlH	kept	-	peace, (re)conciliation, settlement, composition, compromise; peace (pol.), peacemaking, conclusion of peace
SlSl	kept	-	ring, clink, clank; to clatter, rattle
Slb	kept	-	be or become hard, firm, solid, stiff, or rigid, solidify, harden, set, stiffen
Sld	kept	-	hard, firm, solid, dry, barren, arid (ground); rigid, lifeless, inert
Slw	no_gloss	-	
Sly	kept	-	roast, broil, fry
SmE	not_in_hanswehr	-	
Smd	kept	-	lord; eternal, everlasting (epithet of God)
Smm	kept	-	deafness
Smt	kept	-	silence
SnE	kept	-	do, make; to arrange, stage, put on; to produce, build, manufacture, fabricate, design
Snm	kept	-	idol, image
Snw	kept	-	one of two, twin brother
SrE	kept	-	epilepsy
SrH	kept	-	castle, palace, lofty edifice, imposing structure
SrSr	kept	-	a variety of cockroach (Blatta aegyptiaca; zool.); cricket (zool.)
SrT	not_in_hanswehr	-	
Srf	kept	-	turn; to turn away, avert; to dissuade, alienate, keep away
Srm	kept	-	be sharp; to be stern, hard, harsh, severe
Srr	kept	-	chirp, stridulate (cricket); to creak (door); to squeak, screech
Srx	kept	-	cry, yell, scream, shriek, shout; to cry for help; to call
SwE	no_gloss	-	
Swb	kept	-	hit; to be right, hold true, be to the point, hit the mark, be pertinent, be apposite (opinion)
Swf	kept	-	wool
Swm	kept	-	abstention, abstinence, abstemiousness; fasting, fast
Swr	no_gloss	-	
Swt	kept	-	sound (also phon.); voice; tone, strain
Sxr	kept	-	rocky, stony
Sxx	not_in_hanswehr	-	
SyH	kept	-	crying, clamor
SyS	not_in_hanswehr	-	
Syd	kept	-	hunting, hunt; angling, fishing; game, venison, prey, quarry
Syf	kept	-	summer
Syr	kept	-	crack (of the door); small salted fish
TEm	kept	-	eat; to taste; to relish, enjoy, savor (A s.th.)
TEn	kept	-	thrust, pierce, transfix; to stab; to defame, discredit, hurt, speak evil
THw	not_in_hanswehr	-	
TbE	kept	-	provide with an imprint, impress or impression; to impress with a stamp, seal or signet, leave or set one’s stamp, seal, mark, or impress
Tbq	kept	-	according to, corresponding to, in accordance with, in conformity with
TfA	not_in_hanswehr	-	
Tff	no_gloss	-	
Tfl	kept	-	tender, soft; potter’s clay, argil
Tfq	kept	-	begin, set out to do s.th.; to do s.th. suddenly
Tgy	kept	-	exceed proper bounds, overstep the bounds, be excessive; to be rough, tumultuous, rage (sea); to overflow, leave its banks (river)
Thr	kept	-	be clean, pure
TlE	kept	-	rise, ascend, come up (esp. of celestial bodies); to come into view, appear, show, become visible
TlH	kept	-	a variety of accacia (Acacia gummifera); banana tree; banana
Tlb	kept	-	look, search; to set out. get on one’s way, go to see; to request, apply
Tll	kept	-	used chiefly in the pl.: remains, ruins (of houses); remains, or traces, of an abandoned encampment
Tlq	kept	-	he cheerful, jovial, happy (face, countenance)
TmE	kept	-	covet, desire, wish, crave, strive, aspire; to expect; to hope
Tmm	kept	-	large quantity, huge amount; sea
Tmn	no_gloss	-	
Tms	kept	-	be effaced, be obliterated, be erased, be wiped out, be blotted out, be destroyed, be eradicated; to lose animation, become lusterless (eye, glance)
Tmv	kept	-	menstruate
TrH	kept	-	throw, cast, fling, toss; to throw, toss, or fling away, throw off, discard, dump
Trd	kept	-	drive away, chase away, push away, shove away, reject, repel, banish, exile, dismiss, drive out, expel, evict; to chase, hunt, hound
Trf	kept	-	eye; glance, look
Trq	kept	-	knock, rap, bang; to hammer, strike with a hammer, forge; to come over s.o., befall
Trw	kept	-	be or become fresh, succulent, moist, tender, soft, mild
TwE	kept	-	obey, be obedient
Twd	kept	-	mountain
Twf	kept	-	go about, walk about, ride about, travel about, move about, rove about, wander about, run around, tour; to go, walk, ride, run, circumambulate
Twl	kept	-	be or become long; to last long; to lengthen, grow longer, extend, be protracted, become drawn out
Twq	kept	-	be able, be in a position, be capable; to be able to bear or stand, bear, stand, sustain, endure
Twr	kept	-	one time
Twy	kept	-	fold, fold up, fold in, fold over, fold under, roll up; to shut, close; to keep secret, secrete, conceal, hide
Tyb	kept	-	goodness; scent, perfume
Tyn	kept	-	clay, potter’s clay, argil; soil; basis, foundation
Tyr	kept	-	birds, bird; augury, omen
ZEn	kept	-	departure, start, journey, trek (esp. of a caravan)
Zfr	kept	-	be successful, succeed, be victorious, be triumphant; to gain a victory, conquer, vanquish, defeat, overcome, surmount, overwhelm, get the better
Zhr	kept	-	be or become visible, perceptible, distinct, manifest, clear, apparent, evident, obvious, come to light, appear, manifest itself, come into view, show
Zll	kept	-	be; to become, turn into, grow into; to continue to do s.th., go on doing s.th., persevere in doing s.th., stick to s.th., remain, persist in, e.g.
Zlm	kept	-	do wrong or evil; to wrong, treat unjustly, ill-treat, oppress, beset, harm, suppress, tyrannize, commit outrage; to act the tyrant, act tyrannically
ZmA	not_in_hanswehr	-	
Znn	kept	-	think, believe, assume, presume, suppose; to bold, think, deem, consider; to suspect
b$r	kept	-	rejoice, be delighted, be happy
b*r	kept	-	sow, disseminate
bAr	kept	-	reverent, faithful and devoted
bAs	kept	-	kiss
bDE	kept	-	amputation
bED	kept	-	part, portion; one; some, a few
bEd	kept	-	be distant, far away, far off; to keep away, keep one’s distance; to go far beyond, exceed by far
bEl	kept	-	the god Baal; land or plants thriving on natural water supply
bEr	kept	-	droppings, dung (of animals)
bEv	kept	-	send, send out, dispatah; to forward; to delegate
bEvr	kept	-	scatter, strew around, fling about; to disarrange, throw into disorder; to squander, waste, dissipate
bHr	kept	-	be startled, be bewildered (with fright)
bHv	kept	-	look, search, seek; to do research; to investigate, examine, study, explore, look into
bSl	kept	-	onion(s); bulb(s)
bSr	kept	-	look, see; to realize, understand, comprehend, grasp
bT$	kept	-	attack with violence; to bear down on, fall upon s.o.; to knock out
bTA	not_in_hanswehr	-	
bTl	kept	-	nullity; uselessness, futility. vanity; falsity, falseness, untruth
bTn	kept	-	belly, stomach, abdomen; womb; interior, inside, inner portion
bTr	kept	-	be wild, wanton, reckless; to be proud, vain; to be discontented
bdA	kept	-	begin, start; to set in, begin, start, arise, spring up, crop up
bdE	kept	-	introduce, originate, start, do for the first time, be the first to do s.th.; to devise, contrive, invent
bdl	kept	-	replace, exchange
bdn	kept	-	body, trunk, torso
bdr	kept	-	full moon
bdw	kept	-	appear, show, become evident, clear, plain or manifest, come to light; to be obvious; to seem good, acceptable, proper
bgD	kept	-	hatred, hate
bgl	kept	-	mule
bgt	kept	-	come unexpectedly, descend unawares
bgy	kept	-	seek, desire, covet, seek to attain, wish for s.th.
bhj	kept	-	magnificent, splendid, beautiful; happy, joyous; delightful
bhl	kept	-	curse
bhm	no_gloss	-	
bht	kept	-	be astonished, amazed, bewildered, startled, perplexed, flabbergasted, speechless
bjs	no_gloss	-	
bkm	kept	-	dumbness
bkr	kept	-	set out early in the morning, get up early; to come early, be early
bky	kept	-	having or giving little, sparing (e.g., of words)
blE	kept	-	swallow, swallow up; to gulp down; to put up, swallow, stomach, brook
bld	kept	-	country; town, city; place, community, village
blg	kept	-	reach, get, arrive; to come, amount, be worth; to come to s.o.’s ears
bls	not_in_hanswehr	-	
blw	kept	-	test, try, put to the test; to know from long experience; to afltict
bnn	no_gloss	-	
bny	kept	-	my little son
bqE	no_gloss	-	
bql	kept	-	sprout (plant)
bqr	kept	-	bovines, cattle
bqy	kept	-	remain, stay, continue to be; to keep up, maintain; to be left behind, be left over
brA	kept	-	create
brH	kept	-	leave, depart; with neg.: to continue to be
brS	kept	-	wall gecko (Tarentola mauritanica, zool.)
brd	kept	-	coldness, chilliness, coolness; cooling; alleviation
brhn	kept	-	proof
brj	no_gloss	-	
brk	kept	-	kneel down
brm	kept	-	be or become weary, tired, be fed up, be bored, find annoying, wearisome
brq	kept	-	lightning; flash of lightning; telegraph
brr	kept	-	reverence, piety; righteousness, probity; godliness, devoutness
brz	kept	-	come out, show, appear, come into view, emerge; to jut out, protrude, stand out, be prominent (also fig.); to surpass, excel
bsT	kept	-	spread, spread out; to level, flatten; to enlarge, expand
bsl	kept	-	be brave, fearless, intrepid
bsm	no_gloss	-	
bsq	kept	-	be high, tall, lofty, towering; to excel, surpass
bsr	kept	-	scowl, frown
bss	kept	-	cat
btk	no_gloss	-	
btl	no_gloss	-	
btr	kept	-	cutting off, severance, separation; amputation
bvv	kept	-	spread, unroll, unfold; to scatter, disperse; to disseminate, propagate, spread
bwA	not_in_hanswehr	-	
bwb	no_gloss	-	
bwl	kept	-	urine
bwr	kept	-	perish; to lie fallow, be uncultivated (land); to be futile, unsuccessful, unprofitable, lead to nothing (work)
bxE	kept	-	kill o.s. (with grief, anger, rage)
bxl	kept	-	be niggardly, be stingy, scrimp, stint, withhold
bxs	kept	-	decrease, diminish, reduce; to lessen; to disregard, neglect, fail to heed
byD	kept	-	lay eggs; to stay, settle down, be or become resident
byE	kept	-	sell
byd	kept	-	perish, die, pass away, become extinct
byn	kept	-	be or become plain, evident, come out, come to light; to be clear; to part, be separated
byt	kept	-	house, building; tent (of nomads); room
bzg	kept	-	break forth, come out; to dawn (day); to rise (sun)
dAb	kept	-	habit
dEE	kept	-	rebuff, turn down
dEw	kept	-	call; to summon, call or send for s.o.; to call up
dHD	kept	-	be invalid, void, untenable (argument); to disprove, refute, invalidate
dHr	kept	-	drive away, chase away; to dislodge, remove; to defeat
dHw	kept	-	spread out, flatten, level, unroll
dbb	kept	-	bear
dbr	kept	-	turn one’s back; to elapse, pass, go by (time)
dfA	kept	-	heating
dfE	kept	-	push; to push away, shove away, push back, drive back, repel, remove, dislodge, drive away
dfq	kept	-	pouring out, effusion
dhm	kept	-	come or descend suddenly; to surprise, take unawares, take by surprise, come unexpectedly; to enter suddenly, raid, invade
dhn	kept	-	oil; to anoint; to grease, smear
dhq	kept	-	stocks (to hold the feet of an offender by way of punishment)
dhr	kept	-	time; long time, age, epoch; lifetime
dhy	kept	-	be clever, smart, cunning, artful, wily
dkk	kept	-	make flat, level or even, to smooth, level, ram, stamp, tamp; to press down, weigh down; to beat down
dlk	kept	-	rubbing; grazing, brushing, touching, touch
dll	kept	-	show, demonstrate, point out; to lead, guide, direct, conduct, show s.o. the way; to show, indicate, mark
dlw	no_gloss	-	
dmE	kept	-	tears
dmdm	kept	-	mutter, grumble, growl, snarl
dmg	kept	-	refute, invalidate; to triumph
dmr	kept	-	perish, he ruined, he destroyed
dmw	not_in_hanswehr	-	
dnr	not_in_hanswehr	-	
dnw	kept	-	advent, approach; proximity, nearness, imminence (of an event)
drA	kept	-	reject; to avert, ward off
drhm	kept	head	dirhem, drachma; a weight
drj	kept	-	entry, entering, registering, registration, recording; a rolled or folded paper; roll, scroll
drk	no_gloss	-	
drr	kept	-	milk; achievement, accomplishment
drs	kept	-	wipe out, blot out, obliterate, efface, extinguish; to thresh; to learn, study
dry	kept	-	know; to be aware, be cognizant; to understand, comprehend
dsr	kept	-	push, shove, push off
dss	kept	-	put, get, slip, shove, thrust, insert; to bury; to instill, infuse
dsw	no_gloss	-	
dvr	kept	-	fall into oblivion, be forgotten, become obsolete, antiquated, extinct; to be blotted out, wiped out, effaced, obliterated (track by the wind)
dwl	kept	-	change periodically, take turns, alternate, rotate; to change, turn (time, fortune)
dwm	kept	-	last, continue, go on; to persevere, persist
dwn	kept	-	below, beneath, under (in rank, value, etc.); this side of, short of; before
dwr	kept	-	round (of a patrol; in sports); role, part (played by s.o. or s.th.)
dxl	kept	-	enter, go, step, walk, move, come, get; to penetrate, pierce; to take possession of s.o., befall, seize
dxn	kept	-	pearl millet, dukhn
dxr	not_in_hanswehr	-	
dyn	kept	-	debt; pecuniary obligation, liability: obligation (Isl. Law); claim (Isl. Law), financial claim
f$l	kept	-	lose courage, be or become cowardly or faint-hearted, lose heart, despair; to be disappointed; to fail, he unsuccessful
fAd	kept	-	redeemer
fAy	not_in_hanswehr	-	
fDD	kept	-	break (open), pry open, force open, undo; to break, snap; to scatter, disperse, break up, rout
fDH	kept	-	disclose or uncover s.o. faults or offenses, expose, show up, compromise, shame, disgrace, dishonor; to outshine, eclipse; to ravish, violate, rape
fDl	kept	-	surplus, overplus, excess, superfluity, overflow; leftover, remainder, remnant, rest; matter of secondary importance, subordinate matter
fDw	kept	-	be or become spacious, wide, large (space); to be empty, void, vacant
fEl	kept	-	do; to act; to perform, some activity
fH$	kept	-	monstrosity; abominableness, atrocity; obscenity, indecency
fSH	kept	-	Easter (Chr.); Pesach, Passover (Jud.)
fSl	kept	-	separate, part, divide, disjoin, divorce, cut off, detach, set apart, segregate; to separate; to isolate
fSm	kept	-	recess, niche, chamfer (in walls; arch.)
fTr	kept	-	split, cleave, break apart
fZZ	kept	-	crude, rude, coarse, blunt, gruff, impolite, uncivil, uncouth, boorish, uneducated
fdy	kept	-	redeem, ransom; to sacrifice
fhm	kept	-	understand, comprehend, realize; to note, take note, take cognizance; to hear, learn, be informed
fjj	kept	-	way, road between two mountains
fjr	kept	-	cleave, break up, dig up
fjw	kept	-	open
fkh	kept	-	gay, merry, gleeful, jolly, cheerful, sportive, fun-loving, jocular, humorous; amusing (thing)
fkk	kept	-	redemption (of a pledge); jawbone, jaw
fkr	kept	-	reflect, meditate, cogitate, ponder, muse, speculate, revolve in one’s mind, think over, contemplate, consider; to think
flH	kept	-	split, cleave; to plow, till, cultivate
flk	kept	-	celestial sphere; celestial body, star; circuit, orbit (of celestial bodies)
fln	not_in_hanswehr	-	
flq	kept	-	split, cleave, rive, sunder, tear asunder; to cause to break, dispel the shadows of night (of God)
fnd	no_gloss	-	
fnn	kept	-	branch, twig (of a tree), of a shrub
fny	kept	-	specialist(ic); expert, professional; technical
fqE	kept	-	burst, pop, explode
fqd	kept	-	fail to find; to lose; to have lost, miss
fqh	kept	-	understand, comprehend
fqr	kept	-	poverty; need, lack, want
fr$	kept	-	furnishing; furniture, household effects; mat, rug, carpet
frD	kept	-	decide, determine; to decree, order, ordain; to appoint, assign, apportion, allocate
frE	kept	-	twig, branch. bough, limb, (also coll.) branches, twigs; derivative; section, subdivision
frH	kept	-	be glad, happy, delighted, rejoice, be gay, merry, cheerful
frT	kept	-	precede; to escape inadvertently, slip; to escape, get lost
frd	kept	-	alone, single; sole, only; solitary, lone, lonely
frg	kept	-	be empty, be void; to be vacant; to be exhausted, be used up
frh	kept	-	lively, agile, nimble
frj	kept	-	opening, aperture, gap, breach; pudendum of the female, vulva
frq	kept	-	make a distinction, distinguish, differentiate, discriminate
frr	kept	-	flee, run away, run off, escape
frt	not_in_hanswehr	-	
frv	not_in_hanswehr	-	
fry	no_gloss	-	
fsH	kept	-	be or become wide, spacious, roomy
fsd	kept	-	be or become bad, rotten, decayed, putrid, be spoiled
fsq	kept	-	sinfulness, viciousness, moral depravity, dissolute life
fsr	no_gloss	-	
ftA	kept	-	not to cease, to be
ftH	kept	-	open; to turn on; to switch on, turn on
ftl	kept	-	twist together, twine, entwine, plait, throw; to spin
ftn	kept	-	turn away; to subject to temptations or trials, seduce, tempt, entice, allure, beguile
ftq	kept	-	undo the sewing, unsew, unstitch, rip, rip open, tear apart, rend, slash, slit open
ftr	kept	-	abate, subside; to become listless, become languid, languish, flag, slacken; to cool off, become tepid, become lukewarm (water)
fty	kept	-	youth, adolescent, juvenile, young man; slave; hero
fwD	no_gloss	-	
fwh	kept	-	pronounce, utter, voice, say
fwj	kept	-	group, crowd, troop, band; detachment; party
fwm	no_gloss	-	
fwq	kept	-	surpass, excel, overtop, tower; to be superior; to outweigh, outbalance
fwr	kept	-	boil, simmer, bubble; to boil over (also fig.); to effervesce, fizz
fwt	kept	-	pass away, vanish; to be over, be past; to go by s.o., pass s.o.
fwz	kept	-	success, triumph, victory; obtainment, attainment, achievement, accomplishment; escape
fxr	kept	-	glory, pride; honor; vainglorious poetry (as a literary genre)
fyA	kept	-	return; to shift from west to east (shadow)
fyD	kept	-	overflow, flow over, run over; to inundate, flood, deluge; to flow, stream, pour forth, issue, emanate
fyl	kept	-	be erroneous (view)
fzE	kept	-	be afraid, be scared, be alarmed, frightened, terrified
fzz	kept	-	jump up, start, bolt; to be or become frightened, terrified, dismayed, startled; to frighten, alarm, startle, scare away
g$w	kept	-	come
gDD	kept	-	be or become fresh, succulent, tender (esp. a plant)
gDb	kept	-	be or become angry, cross, mad, vexed, irritated, exasperated, furious, to fret; to stand up, defend
gSS	kept	-	be choked; to choke; to be overcrowded, congested, jammed, packed, crammed
gSb	kept	-	forcible, illegal seizure, extortion; usurpation, unlawful arbitrariness (Isl. Law); force, compulsion, coercion, constraint
gT$	kept	-	be or become dark (night)
gTw	kept	-	cover, cover up
gbn	kept	-	fraud, deceit, imposture, swindle; defraudation, cheating, duping; damage, wrong, prejudice
gbr	kept	-	recrudescent, reopening (wound)
gdq	kept	-	copious, abundant (water, rain)
gdr	kept	-	act treacherously, perfidiously, doublecross, deceive, betray, delude
gdw	kept	-	go (away), leave, come, do, or be, early in the morning; to run; to become, grow, turn, come to be
gfl	kept	-	careless, heedless, unmindful, inadvertent; undesignated, unmarked; without name, anonymous
gfr	kept	-	forgive, grant pardon, remit
glZ	kept	-	be or become thick, gross, coarse, crude, rude, rough, rugged; to become viscous, viscid, tough, sirupy (of a liquid, mush)
glb	kept	-	subdue, conquer, vanquish, defeat, beat, lick, get the better, be victorious, triumph, gain ascendancy, get the upperhand, achieve supremacy
glf	no_gloss	-	
gll	kept	-	insert, put, stick, enter or between; to penetrate, enter; to apply an iron collar or manacles, handcuff, shackle, fetter
glm	kept	-	excited by lu.t. seized by sensuous desire, wanton, lewd, lascivious, lustful; in heat, rutted
glq	kept	-	close, shut; to look, bolt; galiqa a (galaq)
glw	kept	-	exceed the proper bounds, be excessive, go too far, overdo, exaggerate
gly	kept	-	boil, bubble up; to ferment (alcoholic beverage)
gmD	kept	-	be hidden, be concealed, hide; to close (eye); to be obscure, dark, abstruse, recondite, difficult to comprehend
gmm	kept	-	grief, affliction, sorrow, distress, sadness, worry, anxiety
gmr	kept	-	flooding, overflowing, submersion, inundation; deluge, flood (also fig.); all-engulfing, flooding, overflowing (water)
gmz	kept	-	feel, touch, palpate; to make a sign, to signal; to beckon with one’s eyes, wink
gnm	kept	-	gain booty; to take as (war) booty, capture, gain, obtain; to pillage, plunder, sack, loot
gny	kept	-	be free from want, be rich, wealthy; not to need, be able to spare, be able to dispense, manage, be able to do, have no need, be in no need
grb	kept	-	west; occident; vehemence, violence, impetuosity, tempestuousness
grf	kept	-	ladle, spoon, scoop; to ladle from a cooking pot, and the like, (into a howl) for serving; to serve
grm	kept	-	damage, loss
grq	kept	-	plunge, dive, become immersed, immerge, become submersed, submerge, sink, founder; to go under, be drowned; to be immersed, be engrossed, be absorbed
grr	kept	-	risk, hazard, jeopardy, danger, peril
grw	kept	-	glue, fix with glue
gsl	kept	-	wash, launder; to cleanse, clean; to purge, cleanse, clear, wash
gsq	kept	-	dusk, twilight before nightfall; dark of night
gvw	not_in_hanswehr	-	
gwS	kept	-	plunge, become immersed, submerge, dive; to practice pearl-fishery
gwT	kept	-	cavity, hollow, depression
gwl	kept	-	ghoul, a desert demon appearing in ever varying shapes; demon, jinni, goblin, sprite; ogre, cannibal
gwr	kept	-	bottom; declivity, depression; depth (also fig.)
gwv	no_gloss	-	
gwy	kept	-	stray from the right way, go astray, err (in one’s actions); to misguide, mislead, lead astray, seduce, tempt, entice, lure, induce
gyD	kept	-	prematurely born fetus
gyZ	kept	-	wrath, anger, ire, exasperation, fury, rage
gyb	kept	-	absence; hidden, concealed, invisible
gyr	kept	-	other than (with dependent genit.), different from, unlike, no, not, non-, un-, in-, dis-; (prep.) gaira except, save, but
gyv	kept	-	water with rain, send rain
gzl	kept	-	spinning; spun thread, yarn
gzw	kept	-	assault, raid, incursion, inroad, invasion, attack, aggression; conquest
h$$	kept	-	be crisp (bread)
h$m	no_gloss	-	
hAt	kept	-	give me (us) ...! bring me (us) ...! let me (us) have ...!
hDm	kept	-	digestion; patience, long-suffering
hTE	no_gloss	-	
hbT	kept	-	descend, go down, come down; to fall down, drop; to settle down
hbw	kept	-	rise in the air (dust, smoke); to run away, bolt, take to sight
hdd	kept	-	razing, pulling down, wrecking; demolition, destruction
hdhd	kept	-	hoopoe (zool.)
hdm	kept	-	tear down, pull down, rue, wreck, demolish, destroy; to tear up
hdy	kept	-	lead on the right way, guide; to guide, show, direct, show the way; to lead
hjE	kept	-	sleep peacefully; to be or become calm, quiet, still; to be silenced, calm down, subside (uproar, excitement, and the like)
hjd	no_gloss	-	
hjr	kept	-	emigrate; to dissociate o.s., separate, part, secede, keep away, part company; to give up, renounce, forgo, avoid
hlE	kept	-	impatience, restlessness, uneasiness; fear, burning anxiety; alarm, dismay
hlk	kept	-	perish; to die; to be annihilated, wiped out, destroyed
hll	kept	-	fright, terror, dismay
hmd	kept	-	abate, subside, let up, calm down, die away, fade away, die down, cool off; to become smaller, shrink
hmm	kept	-	they (3rd pers. m. pl. of the pers. pron.)
hmn	not_in_hanswehr	-	
hmr	kept	-	pour out, shed
hms	kept	-	mutter(ing), mumble; whisper(ing)
hmz	kept	-	spurring, goading, prodding, urging, pressing; beating, striking, kicking; backbiting, slander
hnA	kept	-	happiness, bliss; good health, well-being; congratulation, felicitation
hrE	kept	head	hurry, hasten, rush
hrb	kept	-	flight, escape, getaway; desertion; elopement
hwd	kept	-	be a Jew
hwn	kept	-	ease, leisure, convenience, comfort; easiness, facility
hwr	kept	-	be destroyed, crash down, fall down, collapse
hwy	kept	-	drop, fall, tumble, fall down, come down, sink; to topple, tumble down, be upset; to swoop down (predatory bird)
hyA	kept	-	up! come on! let’s go! now then!
hyj	kept	-	be astir or stirred up, be or get excited, agitated; to rise; to awaken, be awakened, spring up (desire)
hyl	kept	-	piled-up sand
hym	kept	-	fall in love; to be in love; to be enthusiastic, ecstatic, frantic, beside o.s.
hyt	no_gloss	-	
hzA	kept	-	scoff, jeer, sneer, laugh, make fun, deride, ridicule, mock
hzl	kept	-	had joking, jesting, fun
hzm	kept	-	put to flight, rout, vanquish, defeat; to put out of action, neutralize
hzz	kept	-	shake; to swing, brandish, wave; to jolt to and fro, jog, rook
j**	kept	-	cut off, clip
j*E	kept	-	stem, trunk.; stump, tree stump; torso
j*w	not_in_hanswehr	-	
jAr	kept	-	low, moo; to supplicate, pray fervently
jEl	kept	-	make; to put, place, lay; to create
jHd	kept	-	negate; to disclaim, disavow, disown, deny; to refuse, reject, repudiate
jHm	not_in_hanswehr	-	
jbb	kept	-	well, cistern; pit
jbh	kept	-	moot, face, confront
jbl	kept	-	mold, form, shape, fashion; to knead; to create
jbn	kept	-	cowardice
jbr	kept	-	set; to restore, bring back to normal; to help back on his feet, help up
jbt	not_in_hanswehr	-	
jby	kept	-	collect, raise, levy
jdd	kept	-	good luck, good fortune
jdl	kept	-	twist tight, tighten, stretch; to braid, plait
jdr	kept	-	wall
jdv	kept	-	grave, tomb
jfA	kept	-	roughness; harshness; sternness
jfn	kept	-	eyelid
jfw	kept	-	be rough, coarse; to treat roughly, harshly; to turn away (. from), shun, avoid, flee
jhd	kept	-	endeavor, strive, labor, take pains, put o.s. out; to over-work, overtax, fatigue, exhaust
jhl	kept	-	be ignorant; not to know; to be irrational, foolish
jhr	kept	-	be brought to light, come out, show, appear
jhz	kept	-	finish off, deliver the coup de grace to
jlb	kept	-	attract; to fetch, get, bring; to import
jld	kept	-	flogging
jll	kept	-	important, significant, momentous, weighty
jls	kept	-	sit down; to sit
jlw	kept	-	clean, polish; to clear
jmE	kept	-	gather; to collect; to unite, combine, bring together (parts into a whole)
jmH	kept	-	he refractory, unruly, recalcitrant; to be defiant; to be capricious, whimsical
jmd	kept	-	freezing; congelation, solidification, coagulation
jml	kept	-	sum up, summarize
jmm	kept	-	abundant, plentiful; much, a great deal of; many, numerous
jnH	kept	-	side
jnb	kept	-	avert, ward off
jnd	kept	-	soldiers; army
jnf	no_gloss	-	
jnn	kept	head	jinn, demons (invisible beings, either harmful or helpful, that interfere with the lives of mortals)
jny	kept	-	demonic; jinni, demon
jrE	kept	-	swallow, gulp, devour; to pour down, toss down
jrH	kept	-	injure, hurt
jrd	kept	-	bare, threadbare, shabby, worn; (com.) inventory; stocktaking
jrf	kept	-	undercut bank or shore; clilf, steep slope, precipice; bluff (along a river or coast)
jrm	kept	-	long, flat-bottomed sarge, lighter (naut.)
jrr	kept	-	draw, pull; to drag, tug, haul: to tow; to trail
jry	kept	-	flow, stream (water); to run; to hurry, rush
jrz	not_in_hanswehr	-	
jsd	kept	-	body
jsm	kept	-	body (also O of an automobile); substance, matter; mass
jss	kept	-	touch, feel, handle; to palpate, examine by touch; to test, sound, probe
jvm	kept	-	alight, sit, perch (bird); to crouch, cower; to fall or lie prone, lie face down
jvv	no_gloss	-	
jvw	kept	-	kneeling pooition
jwE	kept	-	be hungry; to starve
jwb	kept	-	skirt
jwd	kept	-	openhandedness, liberality, generosity
jwf	kept	-	hollow, cavity; depression; interior, inside, center, heart
jwr	kept	-	deviate, stray; to commit an outrage, bear down, wrong, persecute, oppress, tyrannize; to encroach, make inroads
jws	kept	-	peer around, pry around, look around; to search, investigate, explore
jww	kept	-	air; atmosphere (also fig.); sky
jwz	kept	-	pass, come, travel; to pass; to be allowed, permitted, permissible
jyA	not_in_hanswehr	-	
jyb	kept	-	breast, bosom, heart; sine (math.); hole, hollow, cavity, excavation
jyd	kept	-	good, perfect, faultless; outstanding, excellent, first-rate; good (as an examination grade)
jzA	kept	-	requital, repayment; recompense, return; compensation, setoff
jzE	kept	-	be or become anxious, worried, concerned; to be sad, unhappy; to feel regret, pity
jzy	kept	-	requite, recompense, repay; to reward; to punish
k$T	kept	-	take off; to pull off; to erase
k$f	kept	-	pull away, remove, take off, throw open, lift, raise; to reveal, disclose, uncover, expose, bare; to clear up, shed light
k*b	kept	-	lie; to deceive, delude, mislead; to tell a lie, to lie
kAs	kept	-	cup; drinking glass, tumbler; goblet
kEb	kept	-	knot, knob, node (of cane); joint, articulation; ankle, anklebone
kZm	kept	-	conceal or suppress; to be mum, keep silent
kbb	kept	-	prostrate, throw prostrate; to overturn, overthrow, topple, upset, capsize, turn upside down, revert, invert; to pour out, pour away
kbd	kept	-	liver; interior, heart; middle, center
kbkb	kept	-	topple, upset, capsize, overturn, turn upside down, revert, invert; to spill
kbr	kept	-	exceed in age, be older
kbt	kept	-	put down, crush, suppress, repress, stifle, subdue, restrain, curb
kdH	kept	-	exertion, toil, labor, drudgery
kdr	kept	-	be turbid, roily, muddy, roiled (liquid)
kdy	kept	-	give little, skimp, stint
kfA	kept	-	an equivalent
kff	kept	-	border, edge, hem; to desist, refrain, cease, forbear, give up, stop; to renounce, waive, forgo, abstain
kfl	kept	-	feed, support, provide
kfr	kept	-	cover, hide
kft	kept	-	cooking pot
kfy	kept	-	be enough, sufficient, suffice; to meet all requirements; to protect
khf	kept	-	cave, cavern; depression, hollow, cavity
khl	kept	-	middle-aged, man of mature age
khn	kept	-	predict the future, tell the fortune, prophesy
klA	kept	-	both (of)
klH	kept	-	frown, scowl, look gloomy
klb	kept	-	dog
klf	kept	-	become brownish red (face); to become freckled, be covered with freckles; to like, be intent, bent, set. keen, be very attached, be very fond
kll	kept	-	weariness, tiredness, fatigue, exhaustion; dimness, dullness
klm	no_gloss	-	
klw	kept	-	sleepless, awake
kmh	kept	-	blindness (from birth)
kml	kept	-	be or become whole, entire, integral, perfect, complete; to be finished, done, completed, accomplished; to be concluded, come to a close
kmm	kept	-	sleeve
knd	not_in_hanswehr	-	
knn	kept	-	hide; to conceal, cover, cloak; to shelter, ensconce, contain
kns	kept	-	sweeping, cleaning
knz	kept	-	bury; to pile up, heap up, lay up, accumulate, amass, collect, gather, save, hoard
krb	kept	-	worry, sorrow, care, grief; apprehension, concern, anxiety, fear; distress, trouble
krh	kept	-	feel disgust, be disgusted; to detest, loathe, abhor, hate; to dislike
krm	kept	-	vine, grapes, grapevines; vineyard; garden, orchard
krr	kept	-	attack, charge
krs	no_gloss	-	
ksb	kept	-	gain, win, acquire; to earn; to profit, win, gain
ksd	kept	-	find no market, not to move, sell badly (merchandise); to be stagnant, dull, listless (business, market)
ksf	kept	-	darkening, occultation, eclipse; dark, darkness, gloominess
ksl	kept	-	laziness, sluggishness, idleness, inactivity, loafing, indolence, negligence
ksw	kept	-	clothe, dress, garb, attire; to hang, drape, face, line, case, incase; to cover, put, slip
ktb	kept	-	write, pen, write down, put down in writing, note down, inscribe, enter, record, book, register; to compose, draw up, indite, draft
ktm	kept	-	hide; to conceal, secrete, keep secret; to suppress, repress, restrain, check, curb, subdue
kvb	kept	-	nearness, proximity, vicinity
kvr	kept	-	large quantity, abundance, plenty; major portion, greater part
kwb	kept	-	drinking glass, tumbler, (ir.) cup
kwd	kept	-	be on the point, be about, (with imperf.) it wouldn’t have taken much more ..., he (it) all but ..., he (would have) almost ...
kwkb	kept	-	star (also, fig., of screen, stage, etc.); leucoma, white opacity in the cornea of the eye
kwn	kept	-	be; to exist; to happen, occur, take place
kwr	no_gloss	-	
kwy	kept	-	burn; to sear; to cauterize, treat with a cautery
kyd	kept	-	deceive, dupe, outwit; to harm by artful machinations, lay snares, plot s.o.’s downfall, conspire
kyf	no_gloss	-	
kyl	kept	-	measure; to weigh; to compare by measuring, measure s.th. by the standard of
kyn	kept	-	humble o.s., abase o.s., eat humble pie, submit, resign o.s.
l**	kept	-	be sweet, delicious, delightful, pleasant, gratify the senses
lAlA	kept	-	glitter, flash; light, glow, gleam; perfect joy, unruffled gaiety
lEb	kept	-	a kind of equestrian contest, joust, tournament
lEn	kept	-	curse, damn, execrate, utter imprecations
lHd	kept	-	dig a grave; to bury, inter; to deviate from the right course, digress from the straight path
lHf	kept	-	foot of a mountain
lHm	kept	-	flesh; meat
lHn	kept	-	air, tune, melody; grammatical mistake, solecism, barbarism
lHq	kept	-	catch up, overtake, to reach; to catch, make, to touch
lHy	kept	-	jawbone
lTf	kept	-	kindness, benevolence, friendliness; gentleness, mildness; civility, courteousness, politeness
lZy	kept	-	burn brightly, flare, flame, blaze, be ablaze; to burn with rage
lbb	kept	-	upper part of the chest; throat of an animal, spot where its throat is slit in slaughtering; breast collar (of a horse’s harness)
lbd	kept	-	felt
lbn	kept	-	unburnt brick(s), adobes
lbs	kept	-	put on, wear; to dress, clothe o.s. garb o.s.
lbv	kept	-	hesitate, tarry, linger; to abide, remain, stay; (with imperf.) to persist in an activity, keep doing s.th.
ldd	kept	-	vehement quarrel, violent dispute
ldn	kept	-	soft, gentle; pliant, pliable, flexible, supple, resilient, elastic; plastic
lfH	kept	-	burn, scorch, sear
lfZ	kept	-	emit; to spit out; to eject
lff	kept	-	wrap up, roll up, fold up; to wind, coil, spool, reel; to wind, twist, wrap, fold
lft	no_gloss	-	
lfw	no_gloss	-	
lgb	not_in_hanswehr	-	
lgw	kept	-	foolish talk; nonsense; null, nugatory, ineffectual
lhb	kept	-	flame, blaze, flare
lhm	no_gloss	-	
lhv	kept	-	loll one’s tongue with thirst or fatigue; to pant, gasp, be out of breath; to breathe heavily
lhw	kept	-	amuse o.s., distract o.s., divert o.s., pass or kill time; to play, toy, dally, trifle; to fritter away, trifle away, prattle away
ljA	kept	-	take refuge, resort, have recourse, fall back; to seek information, refer
ljj	kept	-	be stubborn, obstinate, unyielding, relentless; to persist, persevere; to insist
lmH	kept	-	quick look, glance; moment, instant
lmm	kept	-	slight mental derangement
lms	kept	-	touch, handle, feel with the hand, finger, pass one’s hand; to seek, look, search, ask; to perceive, notice, become aware
lmz	kept	-	give a wink; to speak ill, carp, find fault, criticize, blame, censure, backbite, slander, defame
lqH	kept	-	impregnation, fecundation, pollination
lqT	kept	-	gather, collect, pick up from the ground, glean
lqb	kept	-	agnomen; nickname; title, honorific
lqf	kept	-	seize quickly, grab, snatch; to catch; to snatch up, take over
lqm	kept	-	clog up, obstruct, block
lqy	kept	-	encounter, meet; to meet; to come across s.o. or s.th., light upon s.o. or s.th.
lsn	kept	-	eloquence
lw*	kept	-	take refuge, seek shelter, have recourse, resort; to keep close, observe religiously
lwH	kept	-	board, blackboard; slate; tablet
lwm	kept	-	censure, rebuke, reproof, blame, reproach
lwn	kept	-	color; coloring, tint, tinge, hue, shade; complexion
lwt	kept	-	it’s too late to escape
lwy	kept	-	turn; to crook, curve; to bend, flex, bend up, down, back or over
lyl	kept	-	nighttime, night
lyn	kept	-	be or become soft, tender, gentle, mild, pliable, flexible, supple; to yield, give way; to soften, relent, calm down
lys	kept	-	not to be; not to exist; not
lyt	kept	head	laita (particle, with foll. noun in acc. or personal suffix) would God! if only ...!
lzb	kept	-	little
lzm	kept	-	cling, adhere, belong, attend, accompany; to persist, persevere, stick, keep, keep doing; to adhere, be attached, keep close, stick
m$j	kept	-	moving, touching, gripping, pathetic
m$y	kept	-	going, walking; walk
mAy	not_in_hanswehr	-	
mDg	kept	-	chewing, mastication
mDy	kept	-	go away, leave, depart; to make off, decamp, abscond
mEn	not_in_hanswehr	-	
mEy	kept	-	gut; intestines, bowels, entrails
mEz	kept	-	comforter, consoler, condoler
mHS	kept	-	render clear, clarify, purify
mHl	kept	-	place, location, spot, site, locale, locality, center; (place of) residence; business
mHn	no_gloss	-	
mHq	kept	-	efface, blot out, strike out, erase; to eradicate, exterminate, annihilate, destroy
mHw	kept	-	wipe off, rub out, scratch out, erase, strike out; to efface, obliterate, blot out; to wipe out, eradicate, exterminate, extinguish
mSr	kept	-	persistent, insistent; determined, resolute
mTr	kept	-	rain; to shower with rain; to pour out, shower, douse
mTw	kept	-	quicken one’s pace, hurry, walk fast
mdd	kept	-	help, aid, assistance, support, backing, reinforcement; pl. resources; auxiliaries
mdn	no_gloss	-	
mhd	kept	-	bed; cradle
mhl	kept	-	tarry, dawdle, be slow, take one’s time
mhn	kept	-	serve; to humble, degrade, treat in a humiliating manner; to hackney, wear out in common service, wear out by use
mjd	kept	-	painstaking, diligent, assiduous
mjs	kept	-	spot which one touches or feels; sense of touch
mkn	kept	-	be or become strong; to become influential, gain influence, have influence, have power
mkr	kept	-	deceive, delude, cheat, dupe, gull, double-cross
mkv	kept	-	remain, abide, stay, live, dwell, reside
mkw	not_in_hanswehr	-	
mlA	kept	-	crowd, gathering, assembly, congregation; audience; (general) public
mlH	kept	-	pressing, urgent; persistent; insistent, emphatic
mlk	kept	-	take in possession, take over, acquire, seize, lay hands, possess o.s., take possession, lay hold; to possess, own, have, be the owner
mll	kept	-	tiredness, boredom, ennui; listlessness, weariness; annoyance, irritation, vexation
mlq	kept	-	mine layers
mlw	kept	-	walk briskly, run
mnE	kept	-	stop, detain, keep from entering or passing; to hinder, prevent, keep, restrain, hold back; to bar, block, obstruct
mnn	kept	-	1. (interr. pron.) who? which one? which ones? 2. (relative pron.) who; the one who; those who
mny	kept	-	fate, destiny, lot; fate of death; death
mqt	kept	-	hate, hatred, detestation, loathing, aversion, disgust; hateful, odious
mrA	kept	-	hypocrite
mrD	kept	-	satisfactory; satisfying; pleasant, pleasing, gratifying, sufficient
mrH	kept	-	be gay, merry, cheerful, in high spirits, hilarious, exuberant, lively; to be glad, happy, delighted; to rejoice, exult
mrd	kept	-	be refractory, recalcitrant, rebellious; to revolt, rebel
mrj	kept	-	grass-covered steppe; pasture land; meadow
mrr	kept	-	pass, go, walk, saunter, or stroll by or past; to march past s.o., pass in review; to pass, elapse, go by, run out (time)
mry	no_gloss	-	
msH	kept	-	stroke with the hand; to wipe off, wipe away; to rub off
msd	kept	-	palm fibers, raffia
msk	kept	-	grab, grasp, clutch, clasp, seize, take hold
mss	kept	-	feel, finger, handle, palpate
msw	no_gloss	-	
msx	kept	-	transform, transmute, convert; to falsify, distort; to mar, spoil
mtE	kept	-	carry away, take away
mtn	kept	-	half, or side, of the back; back (esp., of animals, but also fig.); main thing, main part
mvl	kept	-	s.th. similar, s.th. of the same kind; resemblance, similarity, similitude, likeness; image
mwh	kept	-	mix
mwj	kept	-	billows, surges, seas, breakers; waves; ripples
mwl	no_gloss	-	
mwr	kept	-	move to and fro, move from side to side
mwt	kept	-	die; to perish; to lose life, become dead
mxD	kept	-	chum; to shake violently
mxr	kept	-	plow; to move, out, shear, cleave; (of a ship) to plow, traverse
myd	kept	-	be moved, shaken, upset, shocked; to sway; to swing
myl	kept	-	bend, bend down; to bow down, lean over, turn; to incline, slope, slant, tilt, tip, be inclined, slanting, oblique
myr	no_gloss	-	
myz	kept	-	separate, keep apart; to distinguish, honor, favor
mzj	kept	-	mixing, blending
mzn	kept	-	rain clouds
mzq	kept	-	tear, rend, rip apart
n$A	kept	-	rise, rise aloft, emerge, appear, loom up; to come into being, come into existence, originate, form, arise, come about, crop up
n$T	kept	-	lively, animated, spirited, brisk, sprightly, vivacious, agile, nimble; stirring, bustling, busy, enterprising, energetic, active
n$r	kept	-	spread out; to unfold, open; to unroll
n$z	kept	-	be elevated, be located high above; to rise
n*r	kept	-	dedicate, consecrate; to vow, make a vow
nAy	kept	-	be far, far away, distant, remote, keep away, stay away, keep at a distance, remain aloof, go away, move away, depart, absent o.s., leave
nDd	kept	-	bedstead; pile, stack, rows, tiers (e.g., of sacks)
nDj	kept	-	be or become ripe, ripen, mature (also fig., of an affair, of a personality, or the like); to be well-cooked, be or become well done (meat)
nDr	kept	-	flourishing, blooming, verdant, fresh, radiant, glowing
nDx	not_in_hanswehr	-	
nEj	not_in_hanswehr	-	
nEl	kept	-	sandal; shoe; horseshoe
nEm	kept	-	live in comfort, and luxury, lead a life of ease, lead a comfortable and carefree life
nEq	kept	-	croak, caw (raven); to bleat (sheep); to cry, scream, screech
nEs	kept	-	be sleepy, drowsy; to take a nap, to doze, slumber; to be dull, listless, slack, stagnant (market, trade)
nHb	kept	-	weeping, crying, sobbing. sighing, moaning, wail(ing), lamentation; time, period, term, span, interval; death
nHl	kept	-	bee
nHr	kept	-	cut the throat slaughter, butcher, kill
nHs	kept	-	misfortune, calamity, disaster
nHt	kept	-	hew, dress, plane, smooth, face; to carve, cut out, hew out, chisel, sculpture; to form, coin
nSH	kept	-	give sincere advice, advise, counsel, admonish. exhort
nSb	kept	-	setting up, putting up, placing; erection; planting, raising (e.g., of a flagstaff)
nSf	kept	-	half, moiety; middle
nSr	kept	-	help, aid, assist; to render victorious, let triumph; to deliver, keep, protect, save
nSt	no_gloss	-	
nSy	not_in_hanswehr	-	
nTH	kept	-	push(ing), thrust(ing), butting; el Nath, a star in the horn of Aries, α Arietis (astron)
nTf	kept	-	dribble, trickle
nTq	kept	-	articulate; to talk, speak, utter; to pronounce
nZr	kept	-	perceive with the eyes, see, view, eye, regard, look, gaze, glance, watch, observe, notice, pay attention; to expect
nb*	kept	-	hurl, fling, throw, or toss, away (. s.th.); to reject, discard, spurn
nbA	kept	-	be high, raised, elevated, protruding, projecting, prominent; to overcome, overpower, overwhelm; to turn away, withdraw, shrink
nbE	kept	-	a tree whose wood was used in arrow-making; spring, source
nbT	kept	-	well out, gush out, spout, issue, stream forth (water)
nbt	kept	-	grow (esp., of plants, also, e.g., of teeth); to sprout, germinate; to produce plants, bring forth vegetation (soil)
nbz	kept	-	give a derisive or insulting name
ndd	kept	-	high hill
ndm	kept	-	remorse, repentance, regret
ndw	kept	-	call; to invite; to call together, convoke, convene, summon
nf$	kept	-	tease; to swell out, puff up; to swell, become swollen
nf*	kept	-	pierce, bore, penetrate, go or pass; to penetrate, get through, pass through; O (mil.) to break through, fight one’s way through the enemy
nfE	kept	-	be useful, beneficial, advantageous, be of use, avail, help; to be usable, to do, serve
nfH	kept	-	spread, be diffused (fragrance), exhale a pleasant smell, be fragrant; to blow (wind); to make s.o. a present of, present
nfd	kept	-	be exhausted, depleted, used up; to run out, come to an end, dwindle away; to be out of print
nfl	kept	-	supererogatory performance, specif., a work of supererogation
nfq	kept	-	sell well, find a ready market (merchandise); to be brisk, active (market)
nfr	kept	-	shy, bolt, stampede (animal)
nfs	kept	-	soul; psyche; spirit, mind
nfv	kept	-	expectoration; saliva, spittle
nfx	kept	-	blow, puff; to breathe; to blow up, inflate, fill with air
nfy	kept	-	expulsion; banishment, exile, expatriation; ejection, ousting, eviction, ostracism
ngD	not_in_hanswehr	-	
nhj	kept	-	open way; road; method, procedure, manner
nhr	kept	-	stream, river
nhy	kept	-	prohibition, ban, interdiction, proscription
njd	kept	-	highland, upland, tableland, plateau; the Arabian highland, Nejd
njm	kept	-	installment, partial payment
njs	kept	-	impurity, uncleanness, uncleanliness, dirt, filth, squalor
njw	kept	-	save o.s., be saved, be rescued, make for safety, get away, escape, he delivered
nkH	kept	-	marry, get married
nkS	kept	-	withdraw, turn away; to recoil, shrink
nkb	kept	-	misfortune, calamity; disaster, catastrophe
nkd	kept	-	misfortune; hardship, adversity; molestation, trouble, nuisance
nkf	kept	-	stop, arrest; to disdain, scorn, spurn; to reject
nkl	kept	-	fetter, shackle, chain; bit (of a bridle)
nkr	kept	-	denial, disavowal
nks	kept	-	turn around, turn over, invert, reverse, turn upside down; to lower, withdraw, retract, pull in; to bow, bend, tilt
nkv	kept	-	break, violate, infringe
nml	kept	-	ant
nmm	kept	-	slander, calumniation, calumny; talebearer, scandalmonger, slanderer, calumniator
nq*	kept	-	deliver, save, rescue
nqD	kept	-	destroy, demolish, tear down, wreak, raze; to tear apart, take apart, undo; to break, violate, infringe
nqE	kept	-	maceration, soaking, steeping; infusion; stagnant water, quagmire, swamp, bog
nqS	kept	-	decrease, become less, diminish, be diminished, be reduced; to decrease, diminish, lessen, reduce, impair, prejudice, be prejudicial, detract
nqb	kept	-	bore, pierce, perforate, breach, make a hole or breach, punch or drill a hole; to dig, dig up, dig out, excavate, hollow out
nqm	kept	-	revenge o.s., avenge o.s., take revenge, take vengeance; to be hostile, be full of rancor or vindictiveness, have a spite, be resentful, be mad, angry
nqr	kept	-	dig; to pierce, bore, hollow out, excavate, make a cavity or hole; to cut, carve
nsA	kept	-	long life, longevity
nsb	kept	-	lineage, descent; origin. extraction, derivation, provenience; kinship, relationship, affinity, relationship by marriage
nsf	kept	-	pulverize, atomize, spray; to carry away and scatter (wind -- the dust); to blow up, blast
nsk	kept	-	piety, devoutness; asceticism; reclusion
nsl	kept	-	beget, procreate, sire, father
nsr	no_gloss	-	
nsw	not_in_hanswehr	-	
nsx	kept	-	delete; to abolish; to abrogate, invalidate
nsy	kept	-	forget
ntq	not_in_hanswehr	-	
nvr	kept	-	scatter, disperse, strew, sprinkle; to write in prose
nw$	no_gloss	-	
nwA	not_in_hanswehr	-	
nwS	kept	-	wild ass, onager
nwb	not_in_hanswehr	-	
nwm	kept	-	sleep, slumber
nwn	kept	-	name of the letter
nwq	no_gloss	-	
nwr	kept	-	blossom(s), flower(s)
nws	not_in_hanswehr	-	
nwy	kept	head	nawan remoteness, distance; destination
nxl	kept	-	palm; date palm
nxr	kept	-	snorting, snort; snoring, snore; decay, rot, rottenness
nyl	no_gloss	-	
nzE	kept	-	pull out, extract; to remove, take, take away, strike, cross off; to take off, shed
nzf	kept	-	drain, exhaust, empty; to dry up; to draw off
nzg	kept	-	incitement to evil
nzl	kept	-	dismount, alight; to descend, go down, come down, move down, get down, step down, climb down; to get off, get out, step out, debark, disembark
q$Er	no_gloss	-	
q*f	kept	-	throw, cast; to throw away, discard; to fling, hurl, toss
qDD	kept	-	pierce, bore, perforate; to break into pieces, crush, bray, bruise, pulverize; to tear down, demolish
qDb	kept	-	edible herbs
qDy	kept	-	settle; to finish, terminate, conclude, end, close, wind up, complete, consummate, accomplish, achieve; to carry out, execute, perform, effectuate
qEd	kept	-	sit down, take a seat; to sit, be sitting; to remain seated
qEr	kept	-	bottom; depth; keel (of a ship)
qHm	no_gloss	-	
qSS	kept	-	clippings, cuttings, chips, snips, shreds, narrative, tale, story
qSd	kept	-	endeavor, aspiration, intention, intent; design, purpose, resolution; object, goal, aim, end
qSf	kept	-	thunder, roar (e.g., of cannon); revelry, carousal
qSm	kept	-	break, shatter
qSr	kept	-	shortness, brevity; smallness; incapability, inability
qSw	kept	-	be far away, be far removed, be at a great distance, be remote, distant; to go far away
qTE	kept	-	cut; to cut off; to chop off, lop off
qTT	kept	-	short and curly (hair)
qTf	kept	-	picking, etc.; scratch
qTmr	not_in_hanswehr	-	
qTr	kept	-	dripping, dribbling, dribble, trickling, trickle
qbD	kept	-	seize, take, grab, grasp, grip, clasp, clutch, take hold, take possession; to hold; to apprehend, arrest
qbH	kept	-	ugliness; ignominy, infamy, shamefulness
qbl	kept	-	accept; to receive (kindly, hospitably), give a friendly reception, receive favorably, approve; to acquiesce, put up, agree, consent, assent
qbr	kept	-	grave, tomb, spulcher
qbs	kept	-	derive, acquire, loan, borrow, adopt, take over
qdH	kept	-	slander, calumniation, calumny, defamation, vilification, aspersion; censure, rebuke, reproof, reproach; depreciation, detraction, impairment
qdd	kept	-	indicates the termination of an action; sometimes corresponding to English “already”; with foll. imperf.: sometimes, at times
qdm	kept	-	precede
qdr	kept	-	decree, ordain, decide
qds	kept	-	holiness, sacredness, sanctity; sanctuary, shrine
qdw	kept	-	be tasty, savory (food)
qfl	kept	-	padlock; lock, latch; bolt
qfw	kept	-	follow
qhr	kept	-	vanquishing, subdual, subjection, subjugation; compulsion, coercion, force; (eg.) annoyance, trouble, sorrow, grief
qlE	kept	-	pluck out, tear out, pull out, weed out, uproot; to root out, exterminate, extirpate; to take off
qlb	kept	-	reversal, inversion; overturn, upheaval; conversion, transformation, transmutation
qld	no_gloss	-	
qll	kept	-	littleness, smallness, fewness; insignificance, inconsiderableness, triviality, paucity, paltriness, scarceness, sparseness, scantiness, insufficiency
qlm	kept	-	reed pen; pen; writing, script, calligraphic style, ductus
qly	kept	-	fry, bake, roast
qmE	kept	-	repression, suppression, curbing, prevention; taming, subdual, quelling, subjection
qmH	kept	-	wheat
qmS	kept	-	gallop
qmTr	kept	-	receptacle for storing books; satchel
qml	kept	-	louse
qmr	kept	-	snow blindness
qnE	kept	-	arms, weapons, armor
qnT	kept	-	despair, despond, become disheartened, be without hope, lose all courage
qnTr	kept	-	arch, span, vault
qnt	kept	-	be obedient, submissive, humble
qnw	kept	-	bunch of dates
qny	kept	-	bunch of dates
qrA	kept	-	declaim, recite; to read; to peruse
qrD	kept	-	cut, sever, cut off, clip; to gnaw, nibble, bite, champ, eat, corrode
qrE	kept	-	knock(ing), rap(ping), beating, striking, thumping; ring(ing)
qrH	kept	-	wound; ulcer, sore
qrTs	kept	-	paper; sheet of paper
qrb	kept	-	be near; to come near, get close, close in, approach; to approximate
qrd	kept	-	tick (zool.)
qrf	kept	-	peel, pare, bark, derind
qrn	kept	-	horn (of an animal; as a wind instrument); feeler, tentacle, antenna
qrr	kept	-	settle down, establish o.s., become settled or sedentary, take up one‘s residence, rest, abide, dwell, live, reside, remain, stay, linger
qry	kept	-	hospitable reception, entertainment (of a guest); meal served to a guest
qsT	kept	-	justice, fairness, equity, equitableness, fair-mindedness, rightness, correctness
qsTs	not_in_hanswehr	-	
qsm	kept	-	divide, part, split; to distribute, deal out, parcel out, divide; to let s.o. share. give s.o. a .hare of s.th., allot
qsr	kept	-	force, compulsion, coercion, constraint
qss	kept	-	priest, presbyter, clergyman, minister, parson, vicar, curate, pastor (Chr.)
qsw	kept	-	be harsh, stern, cruel, merciless, remorseless; to handle roughly, treat harshly, severely, cruelly, without mercy
qtl	kept	-	kill, slay, murder, assassinate; to mitigate, alleviate; to mix, dilute
qtr	no_gloss	-	
qvA	kept	-	cucumber
qwE	kept	-	plain, lowland; bottom, lowest part; wave trough (phys.)
qwb	kept	-	young bird, chick
qwl	kept	-	speak, say, tell, utter, voice; to speak, deal, treat; to state, maintain, assert, propound, teach, profess, advocate, defend
qwm	kept	-	fellow tribesmen, kinsfolk, kin, kindred; tribe, race, people, nation; people
qws	kept	-	bow, longbow; arc (geom.); arch, vault
qwt	kept	-	nutriment, aliment, nourishment, food, viands
qwy	kept	-	strong; vigorous; potent
qyD	kept	-	break, crack, split, cleave, burst open; to get broken, crack, burst; to exchange
qyl	kept	-	princeling; chief, chieftain
r$d	kept	-	integrity of (one’s) actions, proper, sensible conduct; reason, good sense, senses; consciousness
r*l	kept	-	rejection; repudiation; low, base, mean, vile, despicable, contemptible
rAf	kept	-	show mercy, have pity, be kind, gracious, merciful
rAs	kept	-	head (also as a enumerative of cattle); chief, chieftain, head, leader; upper part, upper end
rAy	kept	-	see; to behold, descry, perceive, notice, observe, discern; to look, regard, consider, deem, think
rDE	kept	-	suck
rDw	not_in_hanswehr	-	
rEb	kept	-	fright, alarm, dismay
rEd	kept	-	thunder
rEy	kept	-	graze; to tend
rHb	kept	-	be wide, spacious, roomy
rHl	kept	-	camel saddle; saddlebags; baggage, luggage
rHm	kept	-	uterus; womb; relationship, kinship
rHq	not_in_hanswehr	-	
rSS	kept	-	fit tightly together, press together, compress; to ram, force; to pile up, stack up
rSd	kept	-	observation
rTb	kept	-	moist, damp, humid; wet; fresh, cool
rbE	kept	-	home, residence, quarters
rbH	kept	-	gain, profit; to win (sports, games)
rbS	kept	-	wait, look, watch, be on the lookout
rbT	kept	-	bind, tie up, make fast, moor; to tie, fasten, attach, hitch; to connect
rbb	kept	-	lord; master; owner, proprietor (Isl. Law)
rbw	kept	-	increase; to grow; to grow up
rdA	kept	-	loose outer garment, cloak, robe; (lady’s) dress, gown; attire, costume
rdd	kept	-	send back; to bring back, take back; to return. put back, lay back
rdf	kept	-	come next, come immediately after s.o. or s.th., follow, succeed
rdm	kept	-	filling up (of swamps, ponds, etc.); rubble, debris; dam
rdy	kept	-	perish, be destroyed
rfE	kept	-	lift, lift up, raise aloft, heave up, hoist up; to raise; to raise in esteem
rfd	kept	-	present, gift; support
rfq	kept	-	friendliness, kindness, gentleness
rfrf	kept	-	cushion, pad; eyeshade, visor (of a cap); fender (of an automobile)
rft	kept	-	dismissal, discharge (from service)
rfv	kept	-	obscenity
rgb	kept	-	desire, wish, want, crave, covet; to ask, request; to prefer, like s.th. better than
rgd	kept	-	easy, carefree, pleasant, agreeable (life)
rgm	no_gloss	-	
rhT	kept	-	group (of people), band, troop
rhb	kept	-	he frightened, be afraid; to fear, dread
rhn	kept	-	pawning, mortgaging, pledging
rhq	kept	-	come over s.o. or s.th., overtake
rhw	kept	-	quiet, calm, peaceful, tranquil; stillness, calm, peace, tranquility; crane (zool.)
rjE	kept	-	come back, come again, return; to recur; to resort, turn
rjf	kept	-	be convulsed, be shaken; to tremble, quake; to shiver, shudder
rjj	kept	-	convulse, shake, rock; pass. rujja to be shaken, tremble, shake, quake
rjl	kept	-	foot; leg
rjm	kept	-	stone; to curse, damn, abuse, revile
rjs	kept	-	dirt, filth; dirty thing or act, atrocity
rjw	kept	-	hope; to hope for s.th.; to .xpeat, anticipate, look forward
rjz	kept	-	punishment (inflicted by God); dirt, filth
rkD	kept	-	race, rush, run; to run away; to gallop
rkE	kept	-	bend the body, bow (esp. in prayer); to kneel down, drop to one’s knees
rkb	kept	-	ride; to mount; to go, travel, ride
rkd	kept	-	be motionless, still, stagnant
rkm	kept	-	pile up, heap up, accumulate, amass
rkn	kept	-	lean, support one’s weight; to quiet down, become or be calm, to trust, rely; to be dependent, have to rely
rks	no_gloss	-	
rkz	kept	-	sound, tone
rmH	kept	-	lance, pike; spear, javelin; pole
rmd	kept	-	ophthalmia, inflammation of the eyes; eye disease
rmm	kept	-	repair
rmn	not_in_hanswehr	-	
rmy	kept	-	throw, cast; to fling, hurl; to toss away, throw down
rmz	kept	-	make a sign, to wink, nod, motion; to point, indicate; to symbolize, represent or express symbolically
rqb	kept	-	observe, watch, regard attentively; to supervise, control; to wait, await
rqd	kept	-	sleep, be asleep; to go to bed; to lie down to rest
rqm	kept	-	numeral; number, No.
rqq	kept	-	turtle
rqy	kept	-	ascend; to climb, mount, scale; to rise (in rank), advance, he promoted
rsl	kept	-	be long and flowing (hair)
rss	not_in_hanswehr	-	
rsw	kept	-	be firm, stable, steady; to anchor, cast anchor, land, dock; to ride at anchor
rsx	kept	-	be firmly established, be deeply rooted; to be firm, solid, stable; to be conversant, be thoroughly familiar, be well versed, be at home
rtE	kept	-	pasture, graze; to gormandize, carouse, feast; to revel, indulge freely
rtl	kept	-	be regular, well-ordered, neat, tidy
rtq	kept	-	patching, mending, repair; dam (of a stocking)
rwD	kept	-	tame, domesticate; to break in, train; to train, coach
rwE	kept	-	fright, alarm, dismay, fear
rwH	kept	-	breath of life, soul; spirit (in all senses); gun barrel
rwd	kept	-	soft, tender
rwg	kept	-	turn off, swerve; to dodge, evade, get out of the way of; furtively to turn away
rxw	kept	-	loose, slack; limp, flabby, flaccid; indolent, languid
ry$	kept	-	feathers; feathering, plumage; clothes, attire, exterior
ryE	kept	-	yield; returns, proceeds, income (accruing from an estate), interest; profit share royalty
ryb	kept	-	disquiet, alarm, fill with suspicion or misgivings; to give pause, make 8top and think, make uneasy; to cast a suspicion, show in a suspicious light
ryn	kept	-	take possession, seize, overcome; to descend or come upon s.th.; to reign, prevail
rzq	kept	-	provide with the means of subsistence; to bestow, endow; to bless
sAl	kept	-	ask; to inquire; to ask, request, demand, claim
sAm	kept	-	Shem (eldest son of Noah)
sEd	kept	-	be happy, lucky, fortunate
sEr	kept	-	price; rate; exchange rate, quotation (stock market)
sEy	kept	-	move quickly, run, speed; to move across the sky (moon); to head, be headed, proceed
sHb	kept	-	withdrawal (of troops, of measures, of rights, of money from an account, etc.); drawing (in a lottery)
sHl	kept	-	scrape off, shave off, peel; to smooth, make smooth; to plane
sHq	kept	-	crushing, bruising, pulverization; worn garment, rag
sHr	kept	-	lungs, pulmonary region of the body
sHt	kept	-	s.th. forbidden or banned; illegal possessions, ill-gotten property
sTH	kept	-	spread out, spread, unfold, unroll; to level, even, plane, flatten, make smooth; to throw to the ground, fell
sTr	kept	-	line; row
sTw	kept	-	attack, assault; burglary, housebreaking
sbE	kept	-	predatory animal, beast of prey; lion
sbH	kept	-	swim; to float (fig.); to spread
sbT	kept	-	lank (hair)
sbb	kept	-	rope, tent rope; means for obtaining s.th.; reason, cause, motive, occasion
sbg	kept	-	be long and wide; to abound, be abundant
sbl	kept	-	ears (of cereals)
sbq	kept	-	be, come, go, get, or act, before or ahead of s.o. or s.th., precede, antecede, arrive before s.o. at; to outstrip, outdistance, leave behind
sbt	kept	-	rest; to keep the Sabbath
sdd	kept	-	obstruction, clogging (of a pipe)
sdr	kept	-	a variety of Christ’s-thorn (Zizyphus spina Christi; bot.); lotus tree
sds	kept	-	one-sixth
sdy	kept	-	warp (of a fabric); a continuous, prevailing characteristic or trait, thread (of a story, of an argument, etc.)
sfE	kept	-	scorch, parch, burn; to flap the wings, flutter (bird); to strike, hit, slap
sfH	kept	-	foot (of a mountain)
sfh	kept	-	foolishness, stupidity, silliness; impudence, shamelessness, insolence
sfk	kept	-	shed
sfl	kept	-	be low; to be below s.th.
sfn	kept	-	coarse hide used for polishing; emery paper, sandpaper
sfr	kept	-	book (esp. one of the Scriptures)
sgb	kept	-	hunger, starvation
shl	kept	-	smooth, level, even, soft (ground); easy, facile, convenient; simple, plain
shm	kept	-	look grave, have a grave expression
shr	kept	-	sleeplessness, insomnia; wakefulness, vigil; watchfulness, vigilance
shw	kept	-	inattentiveness, inattention, inadvertence, absent-mindedness distractedness; negligence, neglectfulness, forgetfulness
sjd	kept	-	bow down, bow in worship; to throw o.s. down, prostrate o.s.; to worship
sjl	kept	-	scroll; register; list, index
sjn	kept	-	jail, imprison
sjr	kept	-	fire up, heat
sjw	kept	-	be calm, quiet, tranquil (night, sea)
skb	kept	-	pour out, shed, spill
skn	kept	-	be or become still, tranquil, peaceful; to calm down, repose, rest; (gram.) to be vowelless (consonant, i.e., have no vowel immediately fallowing)
skr	kept	-	intoxication, inebriety, drunkenness
skt	kept	-	in silence; not to answer; pass. sukita to have a stroke (med.)
slH	kept	-	excrements, dung, droppings
slT	kept	-	power, might, strength; authority; sway, dominion, influence, sovereign power, jurisdiction
slb	kept	-	take away, steal, wrest, snatch, rob, strip, dispossess, deprive; to plunder, rifle, loot; to strip of arms and clothing
slf	kept	-	be over, be past, be bygone; to precede, antecede
slk	kept	-	follow, travel; to take, enter upon a course or road; to behave, comport o.s.
sll	kept	-	imperative
slm	kept	-	be safe and sound, unharmed, unimpaired, intact, safe, secure; to be unobjectionable, blameless faultless
slq	kept	-	lacerate the skin; to remove with boiling water; to boil, cook in boiling water
slsl	kept	-	cool fresh water
slw	kept	-	get rid of the memory of, forget, think no more
slx	kept	-	pull off, strip off; to skin, flay; to detach
smE	kept	-	hear; to learn, be told; to listen, pay attention, hear s.o. out
smd	kept	-	raise one’s head proudly, bear one’s head proudly erect
smk	kept	-	roof, ceiling
smm	kept	-	poison, toxin; venom; opening, hole
smn	kept	-	be or become fat, corpulent, obese, stout, plump, fleshy, put on weight
smr	kept	-	nightly, or evening, chat; conversation, talk, chat; night, darkness
smw	kept	-	height, altitude; exaltedness, loftiness, eminence, highness
snbl	kept	-	ear, spike (of grain)
snd	kept	-	support o.s., prop o.s. rest, lean, recline
snh	no_gloss	-	
snm	no_gloss	-	
snn	kept	-	customary practice, usage, habit, rule
snw	not_in_hanswehr	-	
sqT	kept	-	fall (also = to be killed in action); to fall down, drop; to tumble, trip, slip
sqf	kept	-	roof; ceiling
sqm	kept	-	illness, sickness; leanness, thinness, skinniness
sqy	kept	-	give to drink, make s.o. drink; to water; to irrigate
srE	kept	-	be quick, fast, prompt, rapid; to hurry
srH	kept	-	move away, go away, leave; to roam freely; to graze freely (cattle)
srb	kept	-	herd, flock, bevy, covey, swarm; squadron, group, wing, formation, flight (of aircraft); heart, mind
srbl	kept	-	clothe with a sirbāl (q.v.); to clothe, dress; to cover, wrap
srd	kept	-	enumeration; mentioning, quoting; neat, detailed presentation
srdq	not_in_hanswehr	-	
srf	no_gloss	-	
srj	kept	-	saddle
srmd	not_in_hanswehr	-	
srq	kept	-	steal, pilfer, filch; to rob
srr	kept	-	umbilical cord
sry	kept	-	travel by night; to set out, depart by night; to circulate
str	kept	-	cover, veil; to hide, conceal; to disguise
stt	kept	-	six
swA	no_gloss	-	
swE	not_in_hanswehr	-	
swH	kept	-	travel, rove, roam about
swT	kept	-	whip, lash, scourge
swd	no_gloss	-	
swg	kept	-	be easy to swallow, go down pleasantly (drink, food); to be permissible, be permitted, allowed; to swallow
swl	no_gloss	-	
swm	kept	-	offer for sale; to impose, force; to demand of s.o. s.th. beyond his power
swq	kept	-	drive, urge on, herd; to draft, conscript; to drive
swr	kept	-	rest, remainder, remnant, leftover (esp. of food and beverages)
swy	kept	-	be equivalent, be equal, equal
sxT	kept	-	be annoyed, be displeased, be angry, resent
sxr	kept	-	laugh, scoff, jeer, sneer, mock, ridicule, deride, make fun
syH	kept	-	flow, run (water); to melt, thaw, dissolve, become liquid (snow, metal)
syb	kept	-	flow, stream, run (water); to run along, speed along, glide along, creep along, crawl along; to walk fast, hurry
syl	kept	-	flow, stream; to be or become liquid; to melt
syr	kept	-	remain, be left
tEs	kept	-	wretchedness, misery
tHt	kept	-	below, beneath, underneath
tbE	kept	-	follow, succeed, come after s.o. or s.th.; to trail, track go after s.o. or s.th.; to walk behind s.o.
tbb	kept	-	perish, be destroyed
tbr	kept	-	destroy, annihilate
tfv	not_in_hanswehr	-	
tjr	no_gloss	-	
tll	kept	-	hill, elevation
tlw	kept	-	after, upon
tmm	kept	-	be or beoome complete, completed, finished, done; to be performed, be accomplished; to come to an end, be or become terminated
tqn	no_gloss	-	
trb	kept	-	person of the same age, contemporary, mate, companion, comrade
trf	kept	-	live in opulence, in luxury
trk	kept	-	let be, leave, relinquish, renounce, give up, forswear; to desist, refrain, abstain; to leave, quit
trq	kept	-	ascension; ascent; advance, advancement
tsE	kept	-	one ninth, the ninth part
twb	kept	-	repent, be penitent, do penance
twr	not_in_hanswehr	-	
tyh	kept	-	get lost, wander about, 1ose one‘s way, go astray; to stray, wander (thoughts); to escape, slip
tyn	kept	-	fig
vEb	not_in_hanswehr	-	
vbT	no_gloss	-	
vbr	kept	-	destroy, ruin; to perish
vbt	kept	-	stand firm, be fixed, stationary, immovable, unshakable, firm, strong, stable
vby	not_in_hanswehr	-	
vjj	kept	-	flow coplously
vll	kept	-	tear down, destroy, overthrow, subvert
vlv	kept	-	one third; tulut a sprawling, decorative calligraphic style
vmn	kept	-	price, cost; value
vmr	kept	-	fruits, fruit (coll.); result, effect, fruit, fruitage; yield, profit, benefit, gain
vny	kept	-	bonding; folding; turning away, dissuasion, keeping, prevention
vqb	kept	-	piercing, boring, puncture, perforation; hole, puncture, borehole, drill hole
vqf	kept	-	find, meet
vql	kept	-	be heavy
vrb	no_gloss	-	
vry	kept	-	moist earth; ground, soil
vwb	kept	-	garment, dress; cloth, material; (fig.) garb, outward appearance, guise, cloak, mask
vwr	kept	-	stir, be stirred up, be aroused, be excited; to swirl up, rise (dust); to arise
vwy	kept	-	guestroom
vxn	kept	-	be or become thick, thicken; to be firm, solid, compact
vyb	no_gloss	-	
w$y	kept	-	many-colored ornamentation, embroidery; embroidered or painted fabrics
w*r	kept	-	let, leave; to let alone, leave alone; to let be, stop, cease
wAd	kept	-	valley; river valley, river bed, ravine, gorge, wadi; river
wAl	kept	-	leading, managing, executive, administrative; ruler; governor, vali
wDE	kept	-	lay, lay off, lay on, lay down, put down; to set down; to place
wDn	not_in_hanswehr	-	
wEZ	kept	-	preach, appeal to s.o.’s conscience; to admonish, exhort; to warn, caution
wEd	kept	-	make a promise; to give one’s word; to promise
wEy	kept	-	hold; to comprise; to contain
wH$	kept	-	deserted, lonely, dreary, desolate, wild, untamed (animal)
wHd	kept	-	be alone, unique, singular, unmatched, without equal, incomparable
wHy	kept	-	inspire; to reveal
wSb	kept	-	illness; discomfort, hardship, suffering
wSd	kept	-	be firm, stand firmly
wSf	kept	-	describe, depict, portray, picture; to characterize; to praise, laud, extol
wSl	kept	-	connect, join, unite, combine, link, interlock, attach; to establish; to bring into relation
wSy	kept	-	plenipotentiary, mandatory, authorized agent, commissioner; executor; legal guardian, curator, tutor
wTA	not_in_hanswehr	-	
wTn	kept	-	homeland, home country, fatherland; home
wTr	kept	-	wish, desire; aim, end, object, purposed
wbl	kept	-	shed heavy rain (sky)
wbq	kept	-	perish, go to ruin, be destroyed
wbr	kept	-	daman (Hyrax syriaca: zool.)
wdE	kept	-	put down, lodge, deposit; (usually only in imperf. and imp.) to let, leave; to leave off, stop, cease
wdd	kept	-	love, like, be fond; to want, wish
wdq	not_in_hanswehr	-	
wdy	kept	-	friendly, amicable
wfD	kept	-	run; to hurry, rush
wfd	kept	-	arrival, coming
wfq	kept	-	be right, proper, suitable, fit, appropriate
wfr	kept	-	abundance, wealth; profusion, superabundance; excess, surplus, overplus
wfy	kept	-	be perfect, integral, complete, unabridged
whb	kept	-	give, donate; to grant, accord; to present
whj	kept	-	blaze, fire; white heat, incandescence; glare of the sun
whn	kept	-	be weak, feeble, lack the strength, be incapable; to grow feeble, languish, flag; to loose vigor or courage
why	kept	-	be weak, feeble, frail, fragile
wjb	kept	-	be necessary, requisite, obligatory, indispensable; to be incumbent, imposed, enjoined, be s.o.’s duty
wjd	kept	-	find; to hit upon s.th., come across s.th., meet with s.th.; to get, obtain
wjf	kept	-	be agitated, excited, troubled, in commotion
wjh	kept	-	face, countenance; front, face, façade; outside
wjl	kept	-	be afraid, be scared; to be a coward, be craven
wjs	kept	-	be apprehensive, be afraid, be worried, be seized with fear
wkA	kept	-	thong or string for tying up a waterskin or bag
wkd	kept	-	wish, desire, intention, aim, goal, end, purpose, object, aspiration, endeavor, effort, attempt
wkl	kept	-	entrust, assign, commission, charge, put s.o. in charge
wkz	kept	-	strike with the fist; to thrust, push, hit; to spur
wld	kept	-	descendant, offspring, scion; child; son
wlj	kept	-	enter, penetrate
wly	kept	-	be near s.o. or s.th., be close, lie next; to adjoin, be adjacent; to follow
wny	kept	-	be or become faint, weak, tired, dispirited, despondent, sapless, effete, lose vigor, flag, languish
wq*	kept	-	hit fatally, hit hard, throw down, fell
wqE	kept	-	fall; to fall down, drop; to tumble
wqb	kept	-	he sunken, hollow (eye); to become dark, gloomy
wqd	kept	-	take fire, ignite, burn
wqf	kept	-	come to a standstill, come to a stop; to stand still; to place o.s. post o.s., station o.s., take one’s stand, step, stand
wqr	kept	-	cavity, hollow
wqt	kept	-	time; period of time, time span; moment, instant
wqy	kept	-	guard, preserve, take good care; to safeguard, shield, shelter, preserve, protect, keep, guard; to protect, offer or afford protection
wrd	kept	-	come, arrive; to appear, show up; to be found, be met with, be said, be mentioned
wrq	kept	-	foliage, leafage, leaves; paper; paper money, banknotes
wrv	kept	-	be heir, be s.o.’s heir; to inherit
wry	kept	-	kindle, fire, take fire (lighter)
wsE	kept	-	ability, capability, faculty; capacity; power, strength
wsT	no_gloss	-	
wsl	no_gloss	-	
wsm	kept	-	brand; to stamp, mark, brand
wsn	kept	-	slumber, doze
wsq	kept	-	load, freight
wsws	kept	-	speak under one’s breath, whisper; to inatill evil, prompt or tempt s.o. with wicked suggestion; to awaken doubts, arouse scruples
wtd	kept	-	peg, pin; tent pin, tent peg; stake, pole
wtn	not_in_hanswehr	-	
wtr	kept	-	string, provide with a string; to wrong, harm, cheat, dupe
wvn	kept	-	graven image, idol
wvq	kept	-	place one’s confidence, put faith rely, depend, trust, be confident
wzE	kept	-	curb, restrain
wzn	kept	-	weight; (poetic) measure, meter; noun or verb pattern, form (gram.)
wzr	kept	-	take upon o.s., carry
x$E	kept	-	be submissive, be humble; to humble o.s.; to fade (voice)
x$b	kept	-	wood, lumber, timber
x$y	kept	-	fear, dread, be afraid
x*l	kept	-	leave, abandon, forsake, desert, leave in the lurch; to stay behind; to disappoint
xDE	kept	-	bow, defer, submit, yield, surrender, humble o.s., obey, follow; to be subject, be under s.o.’s control
xDd	kept	-	cut off, break off
xDr	kept	-	green, verdant; verdure, greenery; young green crop (of grain)
xSS	kept	-	distinguish, favor (especially, before others), single out, bestow special honors; to endow, confer, bestow
xSf	kept	-	mend, repair, sew
xSm	kept	-	defeat in argument; to deduct, subtract: to discount
xTA	kept	-	error; mistake, incorrectness; offense, fault
xTT	kept	-	draw or trace a line; to draw, trace, sketch, design; to write, pen
xTb	kept	-	deliver a public address, make a speech; to preach, deliver a sermon
xTf	kept	-	snatch, wrench or wrest away, seize, grab; to make off; to abduct, kidnap
xTw	kept	-	step, pace, walk; to proceed, advance, progress
xbA	kept	-	tent; husk, hull (of grain)
xbT	kept	-	beat, strike; to knock, rap; to stamp
xbl	kept	-	confusion; mental disorder, insanity
xbr	kept	-	news; information, intelligence: report, communication, message; notification
xbt	no_gloss	-	
xbv	kept	-	badness, wickedness; malignancy (e.g., of a disease); malice, malevolence, viciousness
xbw	kept	-	go out, die (fire)
xbz	kept	-	bread
xdE	kept	-	cheat; to deceive, mislead, dupe, gull; pass. kudi‘a to be mistaken, be wrong
xdd	kept	-	cheek; lateral portion, side
xdn	kept	-	friend, companion, confidant
xfD	kept	-	make lower; to lower, decrease, reduce, lessen, diminish; to lower, drop
xff	kept	-	be light (of weight); to be slight, insignificant; to become lighter, decrease in weight, lose weight
xft	kept	-	become inaudible, die down, die away (sound, voice); to become silent, become still
xfy	kept	-	be hidden, be concealed; to be unknown; to disappear, hide
xlE	kept	-	take off, put off, slip off; to doff, take off; to extract, pull
xlS	kept	-	be pure, unmixed, unadulterated; to belong; to get, come, arrive
xlT	kept	-	mix, mingle, commingle, blend; to confuse, confound, mix up, mistake
xld	kept	-	infinite duration, endless time, perpetuity, eteruity
xlf	kept	-	be the successor, succeed: to follow, come after s.o.: to take the place of s.o., substitute (. for s.o.): to replace: to lag behind s.o.
xll	kept	-	gap, interval, interstice; cleft, crack, rupture, fissure; a defective, unbalanced state, imbalance
xlq	kept	-	create, make, originate; to shape, form, mold
xlw	kept	-	be empty, vacant
xmS	kept	-	be empty, hungry (stomach)
xmT	not_in_hanswehr	-	
xmd	kept	-	go out, die (fire); to abate, subside, let up, calm down, cease, die down
xmr	kept	-	wine; pl. alcoholic beverages, liquor
xms	kept	-	one fifth
xnq	kept	-	choke; to suffocate, stifle, smother, strangle, throttle, choke to death; to throttle down
xns	not_in_hanswehr	-	
xnzr	not_in_hanswehr	-	
xrS	kept	-	guess estimate; to conjecture, surmise, form conjectures; to tell an untruth, a falsehood, to lie
xrTm	not_in_hanswehr	-	
xrb	kept	-	destroy, wreck, demolish, shatter, devastate, lay waste
xrdl	kept	-	mustard seeds; mustard
xrj	kept	-	go out, walk out; to come out, emerge; to drive or ride out, go out (in a vehicle)
xrq	kept	-	tear, rend, tear apart; to make a hole; to perforate, pierce, bore
xrr	kept	-	murmur, bubble, gurgle, purl (of running water); to ripple, trickle; to snore
xsA	kept	-	chase away
xsf	kept	-	sink, sink down, give way, cave in, disappear, go down; to be eclipsed (moon)
xsr	kept	-	incur a loss, suffer damage; to lose, forfeit; to go astray, lose one’s way, get lost
xtm	kept	-	seal, provide with a seal or signet; to stamp, impress with a stamp; to seal off, close, make impervious or inaccessible
xtr	kept	-	disloyalty, breach of confidence, perfidy, treachery, betrayal, deception
xwD	kept	-	wade; to plunge, dive, rush, tackle courageously, embark boldly; to penetrate, become absorbed, engrossed
xwf	kept	-	be frightened, scared; to be afraid, dread; to fear
xwl	no_gloss	-	
xwn	kept	-	be disloyal, faithless, false, treacherous, perfidious, act disloyally, treacherously, perfidiously; to betray
xwr	kept	-	inlet, bay
xwy	kept	-	little brother
xyT	kept	-	thread; twine cord; pack-thread, string
xyb	kept	-	fail, miscarry, be without success, be unsuccessful; to be frustrated, be dashed, be disappointed (hopes); to go wrong
xyl	kept	-	horses; horsepower, H.P.
xym	kept	-	tentmaker
xyr	kept	-	good; excellent, outstanding, superior, admirable; better
xzn	kept	-	storing; accumulation, hoarding, amassing; storage, warehousing
xzy	kept	-	be or become base, vile, despicable, contemptible; to be ashamed
yAs	kept	-	renunciation, resignation; hopelessness, desperation
ybs	kept	-	dryness
ydy	not_in_hanswehr	-	
ymm	no_gloss	-	
ymn	kept	-	good luck, good fortune, prosperity, success
ynE	kept	-	become ripe, ripen, mellow
yqZ	kept	-	awake; watchful, vigilant, alert, wary, cautious
yqn	kept	-	be sure, certain; to know for certain, be sure, be certain, be convinced IV
ysr	kept	-	be or become easy
ytm	kept	-	orphanhood
ywm	kept	-	day; pl. also: age, era, time
zEm	kept	-	maintain, allege, claim, pretend, declare; to believe; to take, regard
zHf	kept	-	advance, march (of an army); soldiery, army
zHzH	kept	-	move; to tear, rip
zbd	kept	-	foam, froth; dross
zbn	not_in_hanswehr	-	
zbr	kept	-	penis
zff	kept	-	hurry
zfr	kept	-	grease, greasy food
zhd	kept	-	renunciation; jndifference; abstemiousness, abstinence
zhq	kept	-	die, pass away, run out, come to nothing
zhr	kept	-	flowers; blossoms
zjj	kept	-	ferrule; arrowhead; spearhead
zjr	kept	-	forcible prevention; suppression (of customs, abuses, crimes); rebuke, reprimand
zjw	kept	-	drive, urge on; to squeeze, press, force, cram
zkw	kept	-	thrive; to grow, increase; to be pure in heart, be just, righteous, good
zlf	kept	-	approach, advance, go near
zll	kept	-	slip; to make a mistake, commit an error, a slip; to slide off s.o., fail to affect s.o.
zlm	kept	-	arrow without head and feathers, used in divination
zlq	kept	-	glide, slide; to slip
zlzl	kept	-	shake, rook, convulse, cause to tremble; pass. zulzila also: to waver, stumble
zmhr	kept	-	become red, flushed, blood-shot
zml	no_gloss	-	
zmr	kept	-	blowing, playing (of a wind instrument)
znm	not_in_hanswehr	-	
zny	kept	-	commit adultery, fornicate, whore
zqm	kept	-	swallow gulp, gobble
zrE	kept	-	sowing; seed; young standing crop, green crop
zrq	kept	-	injections, injectings
zry	kept	-	rebuke, scold, upbraid, find fault; to revile, disparage, detract
zwd	no_gloss	-	
zwj	no_gloss	-	
zwl	kept	-	go away, withdraw, abandon, leave; to disappear, vanish; to abate, calm down, die down, come to an end
zwr	kept	-	visit, call, pay a visit; to afflict
zxrf	kept	-	decoration, ornament, embellishment; makeup, getup (e.g., of a book); vain, trifling finery
zyd	kept	-	become greater, become more, grow, increase, be compounded, multiply; to be greater, be more, amount to more, exceed, go beyond an amount or number
zyg	kept	-	turn aside; to depart, deviate; to swerve
zyl	no_gloss	-	
zyn	kept	-	decorate, adorn
zyt	kept	-	oil (edible, fuel, motor oil, etc.)
